# WaveFront *.obj file (generated by Cinema 4D)

mtllib ./Character_Model.mtl

v 0.126034 0.091374 -0.099047
v 0.126034 0.343441 -0.099047
v -0.126033 0.091374 -0.099047
v -0.126033 0.343441 -0.099047
v -0.126033 0.091374 0.153021
v -0.126033 0.343441 0.153021
v 0.126034 0.091374 0.153021
v 0.126034 0.343441 0.153021
v 0.000001 0.157284 -0.244394
v 0.159189 0.217407 -0.132203
v 0.000001 0.376596 -0.132203
v -0.159188 0.217407 -0.132203
v 0.000001 0.058218 -0.132203
v -0.217408 0.217407 0.026986
v -0.159188 0.376596 0.026986
v -0.159188 0.217407 0.186175
v -0.159188 0.058218 0.026986
v 0.000001 0.217407 0.244394
v 0.000001 0.376596 0.186175
v 0.159189 0.217407 0.186175
v 0.000001 0.058218 0.186175
v 0.217408 0.217407 0.026986
v 0.159189 0.376596 0.026986
v 0.159189 0.058218 0.026986
v 0.000001 0.434815 0.026986
v 0.000001 0.000000 0.026986
v 0.148233 0.292168 -0.121246
v 0.148233 0.142647 -0.121246
v -0.074760 0.365640 -0.121246
v 0.074761 0.365640 -0.121246
v -0.148232 0.142647 -0.121246
v -0.148232 0.292168 -0.121246
v 0.074761 0.069175 -0.121246
v -0.074760 0.069175 -0.121246
v -0.148232 0.365640 0.101747
v -0.148232 0.365640 -0.047774
v -0.148232 0.142647 0.175220
v -0.148232 0.292168 0.175220
v -0.148232 0.069175 -0.047774
v -0.148232 0.069175 0.101747
v 0.074761 0.365640 0.175220
v -0.074760 0.365640 0.175220
v 0.148233 0.142647 0.175220
v 0.148233 0.292168 0.175220
v -0.074760 0.069175 0.175220
v 0.074761 0.069175 0.175220
v 0.148233 0.365640 -0.047774
v 0.148233 0.365640 0.101747
v 0.148233 0.069175 0.101747
v 0.148233 0.069175 -0.047774
v 0.080777 0.298183 -0.162063
v 0.000001 0.304198 -0.175813
v -0.080775 0.298183 -0.162063
v -0.086791 0.217407 -0.175813
v -0.080775 0.136631 -0.162063
v 0.000001 0.130616 -0.175813
v 0.080777 0.136631 -0.162063
v 0.086792 0.217407 -0.175813
v -0.189050 0.298183 -0.053790
v -0.202799 0.304198 0.026986
v -0.189050 0.298183 0.107762
v -0.202799 0.217407 0.113778
v -0.189050 0.136631 0.107762
v -0.202799 0.130616 0.026986
v -0.189050 0.136631 -0.053790
v -0.202799 0.217407 -0.059804
v -0.080775 0.298183 0.216036
v 0.000001 0.304198 0.229786
v 0.080777 0.298183 0.216036
v 0.086792 0.217407 0.229786
v 0.080777 0.136631 0.216036
v 0.000001 0.130616 0.229786
v -0.080775 0.136631 0.216036
v -0.086791 0.217407 0.229786
v 0.189051 0.298183 0.107762
v 0.202800 0.304198 0.026986
v 0.189051 0.298183 -0.053790
v 0.202800 0.217407 -0.059804
v 0.189051 0.136631 -0.053790
v 0.202800 0.130616 0.026986
v 0.189051 0.136631 0.107762
v 0.202800 0.217407 0.113778
v 0.080777 0.406457 0.107762
v 0.000001 0.420207 0.113778
v -0.080775 0.406457 0.107762
v -0.086791 0.420207 0.026986
v -0.080775 0.406457 -0.053790
v 0.000001 0.420207 -0.059804
v 0.080777 0.406457 -0.053790
v 0.086792 0.420207 0.026986
v 0.080777 0.028357 -0.053790
v 0.000001 0.014608 -0.059804
v -0.080775 0.028357 -0.053790
v -0.086791 0.014608 0.026986
v -0.080775 0.028357 0.107762
v 0.000001 0.014608 0.113778
v 0.080777 0.028357 0.107762
v 0.086792 0.014608 0.026986
v 0.084108 0.253449 0.223652
v 0.000001 0.256133 0.237876
v -0.084107 0.253449 0.223652
v -0.154300 0.250765 0.181286
v -0.196664 0.253449 0.111093
v -0.210889 0.256133 0.026986
v -0.196664 0.253449 -0.057121
v -0.154300 0.250765 -0.127313
v -0.084107 0.253449 -0.169678
v 0.000001 0.256133 -0.183902
v 0.084108 0.253449 -0.169678
v 0.154301 0.250765 -0.127313
v 0.196665 0.253449 -0.057121
v 0.210890 0.256133 0.026986
v 0.196665 0.253449 0.111093
v 0.154301 0.250765 0.181286
v 0.083607 0.174637 0.222505
v 0.000001 0.171452 0.236659
v -0.083606 0.174637 0.222505
v -0.153387 0.177822 0.180374
v -0.195519 0.174637 0.110592
v -0.209672 0.171452 0.026986
v -0.195519 0.174637 -0.056620
v -0.153387 0.177822 -0.126400
v -0.083606 0.174637 -0.168533
v -0.037569 0.186007 -0.220972
v 0.083607 0.174637 -0.168533
v 0.153388 0.177822 -0.126400
v 0.195520 0.174637 -0.056620
v 0.209673 0.171452 0.026986
v 0.195520 0.174637 0.110592
v 0.153388 0.177822 0.180374
v 0.036588 0.133341 0.223558
v 0.037870 0.172894 0.230248
v 0.039313 0.217407 0.237778
v 0.038097 0.254917 0.231432
v 0.036588 0.301474 0.223558
v 0.033864 0.371633 0.181212
v 0.036588 0.413979 0.111053
v 0.039313 0.428198 0.026986
v 0.036588 0.413979 -0.057080
v 0.033864 0.371633 -0.127240
v 0.036588 0.301474 -0.169584
v 0.038097 0.254917 -0.177459
v 0.039313 0.217407 -0.183805
v 0.037870 0.172894 -0.176276
v 0.036588 0.133341 -0.169584
v 0.033864 0.063181 -0.127240
v 0.036588 0.020836 -0.057080
v 0.039313 0.006616 0.026986
v 0.036588 0.020836 0.111053
v 0.033864 0.063181 0.181212
v -0.035183 0.133236 0.223798
v -0.032563 0.062991 0.181403
v -0.035183 0.020597 0.111157
v -0.037803 0.006363 0.026986
v -0.035183 0.020597 -0.057184
v -0.032563 0.062991 -0.127430
v -0.038766 0.157284 -0.237867
v -0.032563 0.062991 -0.127430
v -0.037803 0.217407 -0.184059
v -0.036634 0.254964 -0.177706
v -0.035183 0.301578 -0.169824
v -0.032563 0.371824 -0.127430
v -0.035183 0.414218 -0.057184
v -0.037803 0.428452 0.026986
v -0.035183 0.414218 0.111157
v -0.032563 0.371824 0.181403
v -0.035183 0.301578 0.223798
v -0.036634 0.254964 0.231680
v -0.037803 0.217407 0.238032
v -0.036416 0.172839 0.230494
v 0.000001 0.187203 -0.225098
v -0.037659 0.133420 -0.169403
v 0.039032 0.185961 -0.220724
v 0.040276 0.157284 -0.237612
v -0.037728 0.173770 -0.176444
v 0.002526 0.173304 -0.176353
v 0.004110 0.217407 -0.183921
# 177 vertices

vn 0.002301 -0.129850 -0.991531
vn 0.001753 -0.169249 -0.985572
vn -0.112401 -0.057867 -0.991976
vn -0.106196 -0.151954 -0.982666
vn -0.350188 -0.000056 -0.936679
vn -0.348049 -0.184443 -0.919153
vn 0.108573 -0.152113 -0.982382
vn 0.113626 -0.056930 -0.991891
vn 0.002847 -0.090094 -0.995929
vn 0.164173 -0.330193 -0.929527
vn -0.162716 -0.329440 -0.930050
vn -0.000591 -0.938508 -0.345257
vn -0.092494 -0.934474 -0.343808
vn -0.997181 0.053908 -0.052195
vn -0.999461 0.027568 -0.017827
vn 0.577350 0.577350 -0.577350
vn 0.353925 0.661339 -0.661339
vn 0.354874 0.354899 -0.864934
vn 0.661338 0.353927 -0.661338
vn 0.194145 0.693653 -0.693653
vn 0.184416 0.347585 -0.919334
vn 0.347536 0.184440 -0.919348
vn 0.693652 0.194147 -0.693652
vn 0.164268 0.261379 -0.951156
vn -0.577350 0.577350 -0.577350
vn -0.661338 0.353927 -0.661338
vn -0.354873 0.354834 -0.864961
vn -0.353930 0.661337 -0.661337
vn -0.693652 0.194147 -0.693652
vn -0.347537 0.184376 -0.919360
vn -0.184414 0.347460 -0.919382
vn -0.194150 0.693652 -0.693652
vn -0.164031 0.261304 -0.951217
vn -0.577350 -0.577350 -0.577350
vn -0.353984 -0.661350 -0.661295
vn -0.355199 -0.354867 -0.864814
vn -0.661345 -0.353902 -0.661345
vn 0.091317 -0.934599 -0.343783
vn -0.693656 -0.194122 -0.693656
vn 0.000459 0.525117 -0.851030
vn 0.000243 0.352928 -0.935650
vn -0.129936 0.520585 -0.843865
vn 0.577350 -0.577350 -0.577350
vn 0.661345 -0.353902 -0.661345
vn 0.355186 -0.354902 -0.864805
vn 0.353925 -0.661339 -0.661339
vn 0.693656 -0.194122 -0.693656
vn 0.348138 -0.184452 -0.919118
vn 0.194145 -0.693653 -0.693653
vn -0.661303 0.661303 -0.354057
vn -0.865624 0.353232 -0.354856
vn -0.707107 0.707107 0.000000
vn -0.935272 0.353931 0.000000
vn -0.919673 0.182800 -0.347541
vn -0.984943 0.172877 0.000000
vn -0.577350 0.577350 0.577350
vn -0.661338 0.353927 0.661338
vn -0.865624 0.353232 0.354856
vn -0.661303 0.661303 0.354057
vn -0.693652 0.194147 0.693652
vn -0.919673 0.182800 0.347541
vn -0.577350 -0.577350 0.577350
vn -0.661303 -0.661303 0.354057
vn -0.865496 -0.353233 0.355166
vn -0.661345 -0.353902 0.661345
vn -0.707107 -0.707107 0.000000
vn -0.935264 -0.353951 0.000000
vn -0.919446 -0.182807 0.348138
vn -0.693656 -0.194122 0.693656
vn -0.984940 -0.172899 0.000000
vn -0.865496 -0.353233 -0.355166
vn -0.661303 -0.661303 -0.354057
vn -0.919446 -0.182807 -0.348138
vn -0.353930 0.661337 0.661337
vn -0.354873 0.354834 0.864961
vn -0.194150 0.693652 0.693652
vn -0.184414 0.347460 0.919382
vn -0.347537 0.184376 0.919360
vn -0.170044 0.169970 0.970667
vn 0.577350 0.577350 0.577350
vn 0.661338 0.353927 0.661338
vn 0.354874 0.354899 0.864934
vn 0.353925 0.661339 0.661339
vn 0.693652 0.194147 0.693652
vn 0.347537 0.184440 0.919348
vn 0.184416 0.347585 0.919334
vn 0.194145 0.693653 0.693653
vn 0.170045 0.170092 0.970646
vn 0.577350 -0.577350 0.577350
vn 0.353925 -0.661339 0.661339
vn 0.355186 -0.354902 0.864805
vn 0.661345 -0.353902 0.661345
vn 0.194145 -0.693653 0.693653
vn 0.184724 -0.347584 0.919273
vn 0.348138 -0.184452 0.919118
vn 0.693656 -0.194122 0.693656
vn 0.170631 -0.170095 0.970543
vn -0.355185 -0.354837 0.864832
vn -0.353930 -0.661337 0.661337
vn -0.348138 -0.184388 0.919131
vn -0.184721 -0.347459 0.919320
vn -0.194150 -0.693652 0.693652
vn -0.170630 -0.169973 0.970564
vn 0.661303 0.661303 0.354057
vn 0.865624 0.353232 0.354856
vn 0.707107 0.707107 0.000000
vn 0.935272 0.353931 0.000000
vn 0.919673 0.182800 0.347541
vn 0.984943 0.172877 0.000000
vn 0.865624 0.353232 -0.354856
vn 0.661303 0.661303 -0.354057
vn 0.919673 0.182800 -0.347541
vn 0.661303 -0.661303 -0.354057
vn 0.865496 -0.353233 -0.355166
vn 0.707107 -0.707107 0.000000
vn 0.935264 -0.353951 0.000000
vn 0.919446 -0.182807 -0.348138
vn 0.984940 -0.172899 0.000000
vn 0.865496 -0.353233 0.355166
vn 0.661303 -0.661303 0.354057
vn 0.919446 -0.182807 0.348138
vn 0.353232 0.865614 0.354881
vn 0.182800 0.919655 0.347590
vn 0.353933 0.935271 0.000000
vn 0.172879 0.984943 0.000000
vn -0.353231 0.865640 0.354817
vn -0.353928 0.935273 0.000000
vn -0.182799 0.919702 0.347466
vn -0.172874 0.984944 0.000000
vn -0.353231 0.865640 -0.354817
vn -0.182799 0.919702 -0.347466
vn 0.353232 0.865614 -0.354881
vn 0.182800 0.919655 -0.347590
vn 0.353232 -0.865614 -0.354881
vn 0.182800 -0.919655 -0.347590
vn 0.353933 -0.935271 0.000000
vn 0.172879 -0.984943 0.000000
vn -0.353231 -0.865640 -0.354817
vn -0.353928 -0.935273 0.000000
vn -0.182799 -0.919702 -0.347466
vn -0.188978 -0.837292 -0.513059
vn -0.172874 -0.984944 0.000000
vn -0.353231 -0.865640 0.354817
vn -0.182799 -0.919702 0.347466
vn 0.353232 -0.865614 0.354881
vn 0.182800 -0.919655 0.347590
vn 0.350233 -0.000005 0.936663
vn 0.169287 -0.000002 0.985567
vn 0.000000 0.168986 0.985618
vn -0.000001 0.000004 1.000000
vn -0.169285 -0.000001 0.985567
vn -0.350230 -0.000005 0.936664
vn -0.707107 -0.000004 0.707107
vn -0.936691 -0.000003 0.350156
vn -1.000000 -0.000002 0.000000
vn -0.936691 -0.000003 -0.350156
vn -0.707107 -0.000004 -0.707107
vn 0.000443 0.527238 -0.849718
vn 0.126737 0.523144 -0.842768
vn 0.130847 0.520683 -0.843664
vn 0.350233 -0.000005 -0.936663
vn 0.707107 -0.000004 -0.707107
vn 0.936691 -0.000003 -0.350156
vn 1.000000 -0.000002 0.000000
vn 0.936691 -0.000003 0.350156
vn 0.707107 -0.000004 0.707107
vn 0.000001 -0.168996 0.985617
vn -0.999862 0.001176 0.016575
vn 0.000001 -0.349936 0.936774
vn 0.000001 0.349922 0.936779
vn 0.000001 0.707107 0.707107
vn 0.000001 0.936806 0.349849
vn 0.000000 1.000000 0.000000
vn 0.000001 0.936806 -0.349849
vn 0.000001 0.707107 -0.707107
vn 0.000001 0.349922 -0.936779
vn 0.998662 -0.024680 0.045445
vn 0.999858 0.016018 -0.005210
vn 0.000141 -0.519040 -0.854750
vn 0.000073 -0.707125 -0.707089
vn 0.000001 -0.936806 -0.349849
vn 0.000000 -1.000000 0.000000
vn 0.000001 -0.936806 0.349849
vn 0.000001 -0.707107 0.707107
vn 0.996831 0.056647 -0.055843
vn -0.188959 -0.513171 -0.837228
vn -0.125857 0.522887 -0.843059
# 187 normals

vt 0.475978 0.399303 0.000000
vt 0.488903 0.500000 0.000000
vt 0.602087 0.500000 0.000000
vt 0.565260 0.421691 0.000000
vt 0.734375 0.500000 0.000000
vt 0.726102 0.384172 0.000000
vt 0.397587 0.379646 0.000000
vt 0.393839 0.500000 0.000000
vt 0.500000 0.265625 0.000000
vt 0.400917 0.272702 0.000000
vt 0.601986 0.272910 0.000000
vt 0.500000 0.500000 0.000000
vt 0.599050 0.601540 0.000000
vt 0.156250 0.843750 0.000000
vt 0.312500 0.937500 0.000000
vt 0.281250 0.718750 0.000000
vt 0.062500 0.687500 0.000000
vt 0.415072 0.954595 0.000000
vt 0.400917 0.727298 0.000000
vt 0.272597 0.597605 0.000000
vt 0.045194 0.583661 0.000000
vt 0.396997 0.601419 0.000000
vt 0.843750 0.843750 0.000000
vt 0.937500 0.687500 0.000000
vt 0.718750 0.718750 0.000000
vt 0.687500 0.937500 0.000000
vt 0.954806 0.583661 0.000000
vt 0.727403 0.597605 0.000000
vt 0.595281 0.727569 0.000000
vt 0.581670 0.955138 0.000000
vt 0.843750 0.156250 0.000000
vt 0.687500 0.062500 0.000000
vt 0.718750 0.281250 0.000000
vt 0.937500 0.312500 0.000000
vt 0.952203 0.400719 0.000000
vt 0.500000 0.604577 0.000000
vt 0.156250 0.156250 0.000000
vt 0.062500 0.312500 0.000000
vt 0.281250 0.281250 0.000000
vt 0.312500 0.062500 0.000000
vt 0.047797 0.400719 0.000000
vt 0.273898 0.384172 0.000000
vt 0.415072 0.045405 0.000000
vt 0.500000 0.968750 0.000000
vt 0.500000 0.734375 0.000000
vt 0.500000 0.031250 0.000000
vt 0.500000 0.375899 0.000000
vt 0.418330 0.955138 0.000000
vt 0.404719 0.727569 0.000000
vt 0.400950 0.601540 0.000000
vt 0.599083 0.727298 0.000000
vt 0.584928 0.954595 0.000000
vt 0.603003 0.601419 0.000000
vt 0.584928 0.045405 0.000000
vt 0.599083 0.272702 0.000000
vt 0.602413 0.379646 0.000000
vt 0.404719 0.272431 0.000000
vt 0.418330 0.044862 0.000000
vt 0.401517 0.379503 0.000000
vt 0.265625 0.500000 0.000000
vt 0.031250 0.500000 0.000000
vt 0.968750 0.500000 0.000000
vt 0.581670 0.044862 0.000000
vt 0.595281 0.272431 0.000000
vt 0.606161 0.500000 0.000000
vt 0.397913 0.500000 0.000000
vt 0.500000 0.181369 0.000000
# 67 texture coordinates

o Head
usemtl default
f 176/1/1 175/4/4 123/6/6 54/5/5 159/3/3 177/2/2
f 176/1/1 177/2/2 143/8/8 144/7/7
f 176/1/1 144/7/7 145/10/10 56/9/9
f 56/9/9 172/11/11 55/33/36 123/6/6 175/4/4 176/1/1
f 172/11/13 157/3/13 9/12/12 56/9/12
f 157/3/15 159/3/15 160/13/14 124/13/14
f 27/17/19 51/16/18 30/15/17 2/14/16
f 51/16/18 141/19/21 140/18/20 30/15/17
f 110/21/23 109/20/22 51/16/18 27/17/19
f 109/20/22 142/22/24 141/19/21 51/16/18
f 29/26/28 53/25/27 32/24/26 4/23/25
f 53/25/27 107/28/30 106/27/29 32/24/26
f 162/30/32 161/29/31 53/25/27 29/26/28
f 161/29/31 160/13/33 107/28/30 53/25/27
f 31/34/37 55/33/36 34/32/35 3/31/34
f 9/12/12 174/8/38 145/10/38 56/9/12
f 122/35/39 123/6/6 55/33/36 31/34/37
f 124/13/42 160/13/33 108/36/41 171/36/40
f 33/40/46 57/39/45 28/38/44 1/37/43
f 57/39/45 125/42/48 126/41/47 28/38/44
f 146/43/49 145/10/10 57/39/45 33/40/46
f 145/10/10 144/7/7 125/42/48 57/39/45
f 32/17/26 59/16/51 36/15/50 4/14/25
f 59/16/51 60/45/53 15/44/52 36/15/50
f 106/21/29 105/20/54 59/16/51 32/17/26
f 105/20/54 104/36/55 60/45/53 59/16/51
f 35/26/59 61/25/58 38/24/57 6/23/56
f 61/25/58 103/28/61 102/27/60 38/24/57
f 15/44/52 60/45/53 61/25/58 35/26/59
f 60/45/53 104/36/55 103/28/61 61/25/58
f 37/34/65 63/33/64 40/32/63 5/31/62
f 63/33/64 64/9/67 17/46/66 40/32/63
f 118/35/69 119/6/68 63/33/64 37/34/65
f 119/6/68 120/47/70 64/9/67 63/33/64
f 39/40/72 65/39/71 31/38/37 3/37/34
f 65/39/71 121/42/73 122/41/39 31/38/37
f 17/46/66 64/9/67 65/39/71 39/40/72
f 64/9/67 120/47/70 121/42/73 65/39/71
f 38/17/57 67/16/75 42/15/74 6/14/56
f 67/16/75 167/49/77 166/48/76 42/15/74
f 102/21/60 101/20/78 67/16/75 38/17/57
f 101/20/78 168/50/79 167/49/77 67/16/75
f 41/26/83 69/25/82 44/24/81 8/23/80
f 69/25/82 99/28/85 114/27/84 44/24/81
f 136/52/87 135/51/86 69/25/82 41/26/83
f 135/51/86 134/53/88 99/28/85 69/25/82
f 43/34/92 71/33/91 46/32/90 7/31/89
f 71/33/91 131/55/94 150/54/93 46/32/90
f 130/35/96 115/6/95 71/33/91 43/34/92
f 115/6/95 132/56/97 131/55/94 71/33/91
f 45/40/99 73/39/98 37/38/65 5/37/62
f 73/39/98 117/42/100 118/41/69 37/38/65
f 152/58/102 151/57/101 73/39/98 45/40/99
f 151/57/101 170/59/103 117/42/100 73/39/98
f 44/17/81 75/16/105 48/15/104 8/14/80
f 75/16/105 76/45/107 23/44/106 48/15/104
f 114/21/84 113/20/108 75/16/105 44/17/81
f 113/20/108 112/36/109 76/45/107 75/16/105
f 47/26/111 77/25/110 27/24/19 2/23/16
f 77/25/110 111/28/112 110/27/23 27/24/19
f 23/44/106 76/45/107 77/25/110 47/26/111
f 76/45/107 112/36/109 111/28/112 77/25/110
f 28/34/44 79/33/114 50/32/113 1/31/43
f 79/33/114 80/9/116 24/46/115 50/32/113
f 126/35/47 127/6/117 79/33/114 28/34/44
f 127/6/117 128/47/118 80/9/116 79/33/114
f 49/40/120 81/39/119 43/38/92 7/37/89
f 81/39/119 129/42/121 130/41/96 43/38/92
f 24/46/115 80/9/116 81/39/119 49/40/120
f 80/9/116 128/47/118 129/42/121 81/39/119
f 48/17/104 83/16/122 41/15/83 8/14/80
f 83/16/122 137/19/123 136/18/87 41/15/83
f 23/61/106 90/60/124 83/16/122 48/17/104
f 90/60/124 138/8/125 137/19/123 83/16/122
f 42/26/74 85/25/126 35/24/59 6/23/56
f 85/25/126 86/5/127 15/62/52 35/24/59
f 166/30/76 165/29/128 85/25/126 42/26/74
f 165/29/128 164/3/129 86/5/127 85/25/126
f 36/34/50 87/33/130 29/32/28 4/31/25
f 87/33/130 163/64/131 162/63/32 29/32/28
f 15/62/52 86/5/127 87/33/130 36/34/50
f 86/5/127 164/3/129 163/64/131 87/33/130
f 30/40/17 89/39/132 47/38/111 2/37/16
f 89/39/132 90/60/124 23/61/106 47/38/111
f 140/43/20 139/10/133 89/39/132 30/40/17
f 139/10/133 138/8/125 90/60/124 89/39/132
f 50/17/113 91/16/134 33/15/46 1/14/43
f 91/16/134 147/19/135 146/18/49 33/15/46
f 24/61/115 98/60/136 91/16/134 50/17/113
f 98/60/136 148/8/137 147/19/135 91/16/134
f 34/26/35 93/25/138 39/24/72 3/23/34
f 93/25/138 94/5/139 17/62/66 39/24/72
f 156/30/141 155/29/140 93/25/138 34/26/35
f 155/29/140 154/3/142 94/5/139 93/25/138
f 40/34/63 95/33/143 45/32/99 5/31/62
f 95/33/143 153/64/144 152/63/102 45/32/99
f 17/62/66 94/5/139 95/33/143 40/34/63
f 94/5/139 154/3/142 153/64/144 95/33/143
f 46/40/90 97/39/145 49/38/120 7/37/89
f 97/39/145 98/60/136 24/61/115 49/38/120
f 150/43/93 149/10/146 97/39/145 46/40/90
f 149/10/146 148/8/137 98/60/136 97/39/145
f 134/53/88 133/65/148 70/5/147 99/28/85
f 168/50/79 169/66/151 18/12/150 100/36/149
f 102/21/60 16/61/153 74/60/152 101/20/78
f 103/28/61 62/5/154 16/62/153 102/27/60
f 104/36/55 14/12/155 62/5/154 103/28/61
f 105/20/54 66/60/156 14/12/155 104/36/55
f 106/21/29 12/61/157 66/60/156 105/20/54
f 107/28/30 54/5/5 12/62/157 106/27/29
f 160/13/33 159/3/3 54/5/5 107/28/30
f 173/22/160 174/8/159 9/12/158 171/36/40
f 110/21/23 10/61/162 58/60/161 109/20/22
f 111/28/112 78/5/163 10/62/162 110/27/23
f 112/36/109 22/12/164 78/5/163 111/28/112
f 113/20/108 82/60/165 22/12/164 112/36/109
f 114/21/84 20/61/166 82/60/165 113/20/108
f 99/28/85 70/5/147 20/62/166 114/27/84
f 132/56/97 133/65/148 18/12/150 116/47/167
f 170/59/103 169/66/151 74/60/152 117/42/100
f 117/42/100 74/60/152 16/61/153 118/41/69
f 118/35/69 16/62/153 62/5/154 119/6/68
f 119/6/68 62/5/154 14/12/155 120/47/70
f 120/47/70 14/12/155 66/60/156 121/42/73
f 121/42/73 66/60/156 12/61/157 122/41/39
f 122/35/39 12/62/157 54/5/5 123/6/6
f 172/11/168 159/3/15 157/3/15
f 144/7/7 143/8/8 58/60/161 125/42/48
f 125/42/48 58/60/161 10/61/162 126/41/47
f 126/35/47 10/62/162 78/5/163 127/6/117
f 127/6/117 78/5/163 22/12/164 128/47/118
f 128/47/118 22/12/164 82/60/165 129/42/121
f 129/42/121 82/60/165 20/61/166 130/41/96
f 130/35/96 20/62/166 70/5/147 115/6/95
f 132/56/97 116/47/167 72/9/169 131/55/94
f 132/56/97 115/6/95 70/5/147 133/65/148
f 134/53/88 100/36/149 18/12/150 133/65/148
f 135/51/86 68/45/170 100/36/149 134/53/88
f 136/52/87 19/44/171 68/45/170 135/51/86
f 137/19/123 84/45/172 19/44/171 136/18/87
f 138/8/125 25/12/173 84/45/172 137/19/123
f 139/10/133 88/9/174 25/12/173 138/8/125
f 140/43/20 11/46/175 88/9/174 139/10/133
f 141/19/21 52/45/176 11/44/175 140/18/20
f 142/22/24 108/36/41 52/45/176 141/19/21
f 142/22/24 109/20/22 58/60/161 143/8/8
f 174/8/178 143/8/178 145/10/177
f 171/36/40 108/36/41 142/22/24 173/22/160
f 146/43/49 13/46/180 56/9/179 145/10/10
f 147/19/135 92/45/181 13/44/180 146/18/49
f 148/8/137 26/12/182 92/45/181 147/19/135
f 149/10/146 96/9/183 26/12/182 148/8/137
f 150/43/93 21/46/184 96/9/183 149/10/146
f 131/55/94 72/9/169 21/46/184 150/54/93
f 152/58/102 21/46/184 72/9/169 151/57/101
f 153/64/144 96/9/183 21/46/184 152/63/102
f 154/3/142 26/12/182 96/9/183 153/64/144
f 155/29/140 92/45/181 26/12/182 154/3/142
f 156/30/141 13/44/180 92/45/181 155/29/140
f 173/22/185 142/22/185 143/8/178 174/8/178
f 151/57/101 72/9/169 116/47/167 170/59/103
f 158/67/186 34/47/35 55/33/36 172/11/11
f 124/13/42 171/36/40 9/12/158 157/3/187
f 161/29/31 52/45/176 108/36/41 160/13/33
f 162/30/32 11/44/175 52/45/176 161/29/31
f 163/64/131 88/9/174 11/46/175 162/63/32
f 164/3/129 25/12/173 88/9/174 163/64/131
f 165/29/128 84/45/172 25/12/173 164/3/129
f 166/30/76 19/44/171 84/45/172 165/29/128
f 167/49/77 68/45/170 19/44/171 166/48/76
f 168/50/79 100/36/149 68/45/170 167/49/77
f 168/50/79 101/20/78 74/60/152 169/66/151
f 170/59/103 116/47/167 18/12/150 169/66/151
f 13/46/180 158/67/186 172/11/11 56/9/179

v 0.091887 0.022352 -0.077831
v 0.091887 0.502778 -0.087717
v -0.091887 0.026454 -0.077831
v -0.091887 0.502778 -0.087717
v -0.091887 0.026804 0.077831
v -0.091887 0.502778 0.087717
v 0.091887 0.025690 0.077831
v 0.091887 0.502778 0.087717
v 0.000001 0.235230 -0.134258
v 0.116060 0.235230 -0.098306
v 0.000001 0.526545 -0.106751
v -0.116060 0.235230 -0.098306
v 0.000001 0.020405 -0.098306
v -0.158506 0.235230 0.000000
v -0.116060 0.541620 0.000000
v -0.116060 0.235230 0.098306
v -0.116060 0.016449 0.000000
v 0.000001 0.235230 0.134258
v 0.000001 0.526545 0.106447
v 0.116060 0.235230 0.098306
v 0.000001 0.020098 0.098306
v 0.158506 0.235230 0.000000
v 0.116060 0.541620 0.000000
v 0.116060 0.019746 0.000000
v 0.000001 0.566451 -0.000304
v 0.000001 0.000000 0.000000
v 0.108073 0.443003 -0.091540
v 0.108073 0.055946 -0.091540
v -0.064146 0.515850 -0.101426
v 0.064146 0.515850 -0.101426
v -0.108073 0.055946 -0.091540
v -0.108073 0.443003 -0.091540
v 0.054506 0.023059 -0.091540
v -0.054506 0.022812 -0.091540
v -0.108073 0.528784 0.056054
v -0.108073 0.528784 -0.056054
v -0.108073 0.055946 0.091540
v -0.108073 0.443003 0.091540
v -0.108073 0.018601 -0.046168
v -0.108073 0.021241 0.046168
v 0.064146 0.515850 0.101122
v -0.064146 0.515850 0.101122
v 0.108073 0.055946 0.091540
v 0.108073 0.443003 0.091540
v -0.054506 0.021979 0.091540
v 0.054506 0.023149 0.091540
v 0.108073 0.528784 -0.056054
v 0.108073 0.528784 0.056054
v 0.108073 0.018398 0.046168
v 0.108073 0.023396 -0.046168
v 0.058891 0.450050 -0.116746
v 0.000001 0.457096 -0.125237
v -0.058891 0.450050 -0.116746
v -0.063278 0.235230 -0.125237
v -0.058891 0.048899 -0.116746
v 0.000001 0.041852 -0.125237
v 0.058891 0.048899 -0.116746
v 0.063278 0.235230 -0.125237
v -0.137831 0.450050 -0.049883
v -0.147855 0.457096 0.000000
v -0.137831 0.450050 0.049883
v -0.147855 0.235230 0.053597
v -0.137831 0.048899 0.049883
v -0.147855 0.041852 0.000000
v -0.137831 0.048899 -0.049883
v -0.147855 0.235230 -0.053597
v -0.058891 0.450050 0.116746
v 0.000001 0.457096 0.125237
v 0.058891 0.450050 0.116746
v 0.063278 0.235230 0.125237
v 0.058891 0.048899 0.116746
v 0.000001 0.041852 0.125237
v -0.058891 0.048899 0.116746
v -0.063278 0.235230 0.125237
v 0.137831 0.450050 0.049883
v 0.147857 0.457096 0.000000
v 0.137831 0.450050 -0.049883
v 0.147857 0.235230 -0.053597
v 0.137831 0.048899 -0.049883
v 0.147857 0.041852 0.000000
v 0.137831 0.048899 0.049883
v 0.147857 0.235230 0.053597
v 0.058891 0.545789 0.059464
v 0.000001 0.551414 0.063179
v -0.058891 0.545789 0.059464
v -0.063278 0.557259 -0.000304
v -0.058891 0.545789 -0.059768
v 0.000001 0.551414 -0.063483
v 0.058891 0.545789 -0.059768
v 0.063278 0.557259 -0.000304
v 0.058891 0.011466 -0.049883
v 0.000001 0.007585 -0.053597
v -0.058891 0.011466 -0.049883
v -0.063278 0.007042 0.000000
v -0.058891 0.011466 0.049883
v 0.000001 0.007743 0.053597
v 0.058891 0.011466 0.049883
v 0.063278 0.005608 0.000000
# 98 vertices

vn 0.579458 0.390077 -0.715589
vn 0.317024 0.521787 -0.791981
vn 0.311576 0.125879 -0.941846
vn 0.646978 0.131634 -0.751061
vn 0.000000 0.237254 -0.971448
vn 0.000000 0.140094 -0.990138
vn 0.305319 -0.003356 -0.952244
vn 0.653237 -0.003781 -0.757144
vn 0.000000 -0.003113 -0.999995
vn -0.579458 0.390077 -0.715589
vn -0.646978 0.131634 -0.751061
vn -0.311576 0.125879 -0.941846
vn -0.317024 0.521787 -0.791981
vn -0.653237 -0.003781 -0.757145
vn -0.305319 -0.003356 -0.952244
vn -0.405468 -0.754914 -0.515461
vn -0.204543 -0.844238 -0.495403
vn -0.306077 -0.392669 -0.867253
vn -0.604286 -0.359343 -0.711134
vn 0.000967 -0.876480 -0.481437
vn 0.000738 -0.746212 -0.665708
vn 0.000000 -0.047752 -0.998859
vn 0.412091 -0.775626 -0.478107
vn 0.609406 -0.357466 -0.707702
vn 0.300520 -0.385002 -0.872617
vn 0.199227 -0.854256 -0.480161
vn -0.658127 0.605270 -0.447791
vn -0.895106 0.174892 -0.410120
vn -0.938471 0.345358 0.000000
vn -0.979969 0.199150 0.000000
vn -0.916443 -0.003790 -0.400148
vn -0.999993 -0.003672 0.000000
vn -0.577468 0.391507 0.716417
vn -0.646458 0.132172 0.751414
vn -0.895106 0.174892 0.410120
vn -0.656971 0.606308 0.448084
vn -0.653237 -0.003781 0.757144
vn -0.916443 -0.003790 0.400148
vn -0.417677 -0.760455 0.497246
vn -0.425568 -0.860010 0.281559
vn -0.820969 -0.405872 0.401595
vn -0.605813 -0.364851 0.707018
vn -0.429097 -0.903173 0.012446
vn -0.654981 -0.755590 0.009118
vn -0.998411 -0.056351 0.000000
vn -0.826316 -0.395462 -0.401013
vn -0.421009 -0.861173 -0.284838
vn -0.315235 0.523492 0.791570
vn -0.311079 0.127419 0.941804
vn 0.000000 0.241346 0.970439
vn 0.000000 0.142177 0.989841
vn -0.305319 -0.003356 0.952244
vn 0.000000 -0.003113 0.999995
vn 0.577468 0.391507 0.716417
vn 0.646458 0.132172 0.751414
vn 0.311079 0.127419 0.941804
vn 0.315235 0.523492 0.791570
vn 0.653237 -0.003781 0.757145
vn 0.305319 -0.003356 0.952244
vn 0.401928 -0.756091 0.516507
vn 0.201443 -0.845148 0.495121
vn 0.305438 -0.391605 0.867959
vn 0.604441 -0.357120 0.712121
vn 0.004578 -0.876982 0.480501
vn 0.003469 -0.741448 0.671002
vn 0.000000 -0.047752 0.998859
vn -0.307010 -0.389250 0.868464
vn -0.214085 -0.846105 0.488133
vn 0.656971 0.606308 0.448084
vn 0.895106 0.174892 0.410120
vn 0.938471 0.345358 0.000000
vn 0.979969 0.199150 0.000000
vn 0.916443 -0.003790 0.400148
vn 0.999993 -0.003672 0.000000
vn 0.895106 0.174892 -0.410120
vn 0.658127 0.605270 -0.447791
vn 0.916443 -0.003790 -0.400148
vn 0.427277 -0.868864 -0.250017
vn 0.822479 -0.414327 -0.389695
vn 0.435813 -0.899740 -0.023119
vn 0.624186 -0.781082 -0.017365
vn 0.998411 -0.056351 0.000000
vn 0.826686 -0.401371 0.394325
vn 0.424856 -0.863821 0.270759
vn 0.251635 0.880727 0.401247
vn 0.000000 0.844458 0.535622
vn 0.000000 0.924756 0.380560
vn 0.220467 0.975394 -0.000422
vn 0.312290 0.949987 -0.000325
vn 0.000000 1.000000 -0.000520
vn -0.251635 0.880727 0.401247
vn -0.312290 0.949987 -0.000325
vn -0.220467 0.975394 -0.000422
vn -0.253130 0.880164 -0.401543
vn 0.000000 0.844458 -0.535622
vn 0.000000 0.924558 -0.381041
vn 0.253130 0.880164 -0.401543
vn 0.144196 -0.972940 -0.180543
vn -0.002259 -0.979653 -0.200684
vn 0.155196 -0.987791 -0.013540
vn -0.005697 -0.999983 0.000731
vn -0.128010 -0.972482 -0.194661
vn -0.134250 -0.990917 0.007796
vn -0.141171 -0.971301 0.191428
vn -0.000109 -0.980420 0.196919
vn 0.132694 -0.972264 0.192600
# 106 normals

# 0 texture coordinate

o Body
usemtl default
f 204/17/191 228/16/190 207/15/189 179/14/188
f 228/16/190 229/45/193 188/44/192 207/15/189
f 187/61/195 235/60/194 228/16/190 204/17/191
f 235/60/194 186/12/196 229/45/193 228/16/190
f 206/26/200 230/25/199 209/24/198 181/23/197
f 230/25/199 231/5/202 189/62/201 209/24/198
f 188/44/192 229/45/193 230/25/199 206/26/200
f 229/45/193 186/12/196 231/5/202 230/25/199
f 208/34/206 232/33/205 211/32/204 180/31/203
f 232/33/205 233/9/208 190/46/207 211/32/204
f 189/62/201 231/5/202 232/33/205 208/34/206
f 231/5/202 186/12/196 233/9/209 232/33/205
f 210/40/213 234/39/212 205/38/211 178/37/210
f 234/39/212 235/60/194 187/61/195 205/38/211
f 190/46/207 233/9/208 234/39/212 210/40/213
f 233/9/209 186/12/196 235/60/194 234/39/212
f 209/17/198 236/16/215 213/15/214 181/14/197
f 236/16/215 237/45/217 192/44/216 213/15/214
f 189/61/201 243/60/218 236/16/215 209/17/198
f 243/60/218 191/12/219 237/45/217 236/16/215
f 212/26/223 238/25/222 215/24/221 183/23/220
f 238/25/222 239/5/225 193/62/224 215/24/221
f 192/44/216 237/45/217 238/25/222 212/26/223
f 237/45/217 191/12/219 239/5/225 238/25/222
f 214/34/229 240/33/228 217/32/227 182/31/226
f 240/33/228 241/9/231 194/46/230 217/32/227
f 193/62/224 239/5/225 240/33/228 214/34/229
f 239/5/225 191/12/219 241/9/232 240/33/228
f 216/40/234 242/39/233 208/38/206 180/37/203
f 242/39/233 243/60/218 189/61/201 208/38/206
f 194/46/230 241/9/231 242/39/233 216/40/234
f 241/9/232 191/12/219 243/60/218 242/39/233
f 215/17/221 244/16/236 219/15/235 183/14/220
f 244/16/236 245/45/238 196/44/237 219/15/235
f 193/61/224 251/60/239 244/16/236 215/17/221
f 251/60/239 195/12/240 245/45/238 244/16/236
f 218/26/244 246/25/243 221/24/242 185/23/241
f 246/25/243 247/5/246 197/62/245 221/24/242
f 196/44/237 245/45/238 246/25/243 218/26/244
f 245/45/238 195/12/240 247/5/246 246/25/243
f 220/34/250 248/33/249 223/32/248 184/31/247
f 248/33/249 249/9/252 198/46/251 223/32/248
f 197/62/245 247/5/246 248/33/249 220/34/250
f 247/5/246 195/12/240 249/9/253 248/33/249
f 222/40/255 250/39/254 214/38/229 182/37/226
f 250/39/254 251/60/239 193/61/224 214/38/229
f 198/46/251 249/9/252 250/39/254 222/40/255
f 249/9/253 195/12/240 251/60/239 250/39/254
f 221/17/242 252/16/257 225/15/256 185/14/241
f 252/16/257 253/45/259 200/44/258 225/15/256
f 197/61/245 259/60/260 252/16/257 221/17/242
f 259/60/260 199/12/261 253/45/259 252/16/257
f 224/26/263 254/25/262 204/24/191 179/23/188
f 254/25/262 255/5/264 187/62/195 204/24/191
f 200/44/258 253/45/259 254/25/262 224/26/263
f 253/45/259 199/12/261 255/5/264 254/25/262
f 205/34/211 256/33/266 227/32/265 178/31/210
f 256/33/266 257/9/268 201/46/267 227/32/265
f 187/62/195 255/5/264 256/33/266 205/34/211
f 255/5/264 199/12/261 257/9/269 256/33/266
f 226/40/271 258/39/270 220/38/250 184/37/247
f 258/39/270 259/60/260 197/61/245 220/38/250
f 201/46/267 257/9/268 258/39/270 226/40/271
f 257/9/269 199/12/261 259/60/260 258/39/270
f 225/17/256 260/16/272 218/15/244 185/14/241
f 260/16/272 261/45/274 196/44/273 218/15/244
f 200/61/276 267/60/275 260/16/272 225/17/256
f 267/60/275 202/12/277 261/45/274 260/16/272
f 219/26/235 262/25/278 212/24/223 183/23/220
f 262/25/278 263/5/280 192/62/279 212/24/223
f 196/44/273 261/45/274 262/25/278 219/26/235
f 261/45/274 202/12/277 263/5/280 262/25/278
f 213/34/214 264/33/281 206/32/200 181/31/197
f 264/33/281 265/9/283 188/46/282 206/32/200
f 192/62/279 263/5/280 264/33/281 213/34/214
f 263/5/280 202/12/277 265/9/283 264/33/281
f 207/40/189 266/39/284 224/38/263 179/37/188
f 266/39/284 267/60/275 200/61/276 224/38/263
f 188/46/282 265/9/283 266/39/284 207/40/189
f 265/9/283 202/12/277 267/60/275 266/39/284
f 227/17/265 268/16/285 210/15/213 178/14/210
f 268/16/285 269/45/286 190/44/207 210/15/213
f 201/61/267 275/60/287 268/16/285 227/17/265
f 275/60/287 203/12/288 269/45/286 268/16/285
f 211/26/204 270/25/289 216/24/234 180/23/203
f 270/25/289 271/5/290 194/62/230 216/24/234
f 190/44/207 269/45/286 270/25/289 211/26/204
f 269/45/286 203/12/288 271/5/290 270/25/289
f 217/34/227 272/33/291 222/32/255 182/31/226
f 272/33/291 273/9/292 198/46/251 222/32/255
f 194/62/230 271/5/290 272/33/291 217/34/227
f 271/5/290 203/12/288 273/9/292 272/33/291
f 223/40/248 274/39/293 226/38/271 184/37/247
f 274/39/293 275/60/287 201/61/267 226/38/271
f 198/46/251 273/9/292 274/39/293 223/40/248
f 273/9/292 203/12/288 275/60/287 274/39/293

v -0.051529 -0.680686 0.023324
v 0.015945 -0.133108 0.030645
v -0.010170 -0.641675 -0.049078
v 0.016087 -0.133108 -0.030563
v -0.025172 -0.544045 -0.046800
v -0.038531 -0.133108 -0.030690
v -0.014008 -0.562929 -0.003651
v -0.038673 -0.133108 0.030518
v 0.035815 -0.292292 0.000087
v 0.023110 -0.292292 0.038712
v 0.058751 -0.060563 0.018483
v 0.023290 -0.292292 -0.038597
v 0.052138 -0.066114 0.018462
v -0.011170 -0.292292 -0.052814
v -0.011203 -0.093885 -0.038677
v -0.045696 -0.292292 -0.038757
v -0.055463 -0.174481 -0.000169
v 0.057342 -0.048334 0.000137
v -0.045786 -0.093885 -0.000103
v -0.045876 -0.292292 0.038552
v -0.044479 -0.116861 -0.018437
v -0.011416 -0.292292 0.052769
v -0.011383 -0.093885 0.038632
v 0.004983 -0.116861 0.037253
v 0.008534 0.000000 0.000024
v -0.055724 -0.681838 0.023072
v 0.020743 -0.185683 0.036046
v 0.020743 -0.421899 0.036046
v 0.055247 -0.049357 -0.018021
v 0.055162 -0.049357 0.018286
v 0.020910 -0.421899 -0.035942
v 0.020910 -0.185683 -0.035942
v -0.046972 -0.104633 -0.000106
v -0.044565 -0.116861 0.018237
v -0.027408 -0.106846 -0.036054
v 0.004990 -0.106846 -0.035979
v -0.043328 -0.421899 -0.036091
v -0.043328 -0.185683 -0.036091
v -0.024785 -0.562930 -0.016295
v -0.053941 -0.674506 0.010871
v -0.043454 -0.106846 0.018056
v -0.043370 -0.106846 -0.018251
v -0.043496 -0.421899 0.035897
v -0.043496 -0.185683 0.035897
v -0.027569 -0.116861 -0.037299
v -0.058515 -0.292292 -0.000111
v 0.004823 -0.106846 0.036009
v -0.027576 -0.106846 0.035934
v 0.060116 -0.030844 0.000144
v -0.052416 -0.180082 0.019518
v 0.029625 -0.180085 0.019687
v 0.029967 -0.174487 0.000073
v 0.029716 -0.180085 -0.019541
v 0.032699 -0.292292 -0.020995
v 0.029716 -0.427497 -0.019541
v 0.032650 -0.433095 0.000080
v 0.029625 -0.427497 0.019687
v 0.032601 -0.292292 0.021154
v 0.006317 -0.180085 -0.045887
v -0.011178 -0.174487 -0.049267
v -0.028689 -0.180085 -0.045969
v -0.029984 -0.292292 -0.049310
v -0.028689 -0.427497 -0.045969
v -0.011178 -0.433095 -0.049267
v 0.006317 -0.427497 -0.045887
v 0.007628 -0.292292 -0.049223
v -0.052211 -0.180085 -0.019732
v -0.039278 -0.140721 0.031193
v -0.027742 -0.116861 0.037177
v -0.055285 -0.292292 0.020950
v -0.052302 -0.427497 0.019496
v -0.055236 -0.433095 -0.000125
v -0.052211 -0.427497 -0.019732
v -0.055407 -0.292292 -0.021292
v -0.028902 -0.180085 0.045842
v -0.011407 -0.174487 0.049221
v 0.006103 -0.180085 0.045924
v 0.007399 -0.292292 0.049265
v 0.006103 -0.427497 0.045924
v -0.011407 -0.433095 0.049221
v -0.028902 -0.427497 0.045842
v -0.030213 -0.292292 0.049178
v -0.028841 -0.058558 0.019551
v -0.030099 -0.042292 -0.000066
v -0.028750 -0.058558 -0.019677
v 0.015714 -0.004401 -0.021035
v 0.039198 -0.004838 -0.019519
v 0.040432 -0.001082 0.000098
v 0.039106 -0.004838 0.019709
v 0.015616 -0.004537 0.021115
v 0.031524 -0.554066 0.018632
v -0.053889 -0.690992 -0.010530
v -0.042217 -0.562932 -0.036733
v -0.046297 -0.676562 0.024956
v -0.049915 -0.583383 -0.032642
v -0.057959 -0.677133 0.016473
v -0.046874 -0.673061 0.013488
v -0.049772 -0.667968 0.010026
v 0.055940 -0.058200 0.000134
v 0.058836 -0.060563 -0.018202
v 0.016693 -0.140721 -0.031238
v 0.016547 -0.140721 0.031323
v -0.011386 -0.104633 0.039961
v 0.061860 -0.043806 -0.018012
v -0.039133 -0.140721 -0.031368
v -0.011200 -0.104633 -0.040006
v 0.052223 -0.066114 -0.018212
v 0.061775 -0.043806 0.018307
v 0.005157 -0.116861 -0.037222
v -0.045747 -0.671786 0.017996
v 0.035298 -0.530265 0.026059
v 0.008213 -0.485752 -0.044986
v 0.018154 -0.485771 0.033681
v -0.050884 -0.485790 -0.022383
v 0.031546 -0.485040 0.000077
v -0.030799 -0.485752 0.044941
v -0.041047 -0.485771 0.033373
v 0.008003 -0.485752 0.045031
v -0.054132 -0.485040 -0.000122
v 0.028402 -0.485790 -0.022199
v -0.011180 -0.484322 -0.048498
v 0.018311 -0.485771 -0.033588
v -0.050987 -0.485790 0.022154
v -0.030589 -0.485752 -0.045076
v -0.011406 -0.484322 0.048453
v 0.028298 -0.485790 0.022338
v -0.040373 -0.485770 -0.034136
v 0.022817 -0.530791 0.039526
v 0.010752 -0.530260 0.053449
v -0.011425 -0.528145 0.057254
v -0.033590 -0.530260 0.053344
v -0.045744 -0.530791 0.039190
v -0.058007 -0.530265 0.025839
v -0.061479 -0.529250 -0.000140
v -0.057878 -0.530269 -0.026112
v -0.045023 -0.530790 -0.039996
v -0.033332 -0.530256 -0.053500
v -0.011159 -0.528144 -0.057300
v 0.011002 -0.530259 -0.053391
v 0.023002 -0.530791 -0.039411
v 0.035419 -0.530266 -0.025886
v 0.038894 -0.529250 0.000093
v -0.030305 -0.594541 0.021122
v -0.026067 -0.669997 0.052333
v -0.050206 -0.683703 0.016187
v -0.053566 -0.598479 0.000649
v -0.050093 -0.602860 -0.021176
v -0.039137 -0.562932 -0.033124
v -0.005603 -0.640493 -0.049149
v -0.026098 -0.545383 -0.050124
v 0.005156 -0.547280 -0.044712
v 0.017066 -0.547743 -0.032629
v 0.027630 -0.547295 -0.021014
v 0.030557 -0.546469 0.000022
v -0.024217 -0.542667 -0.043376
v 0.016914 -0.562932 0.032610
v 0.011341 -0.602850 0.044685
v -0.012798 -0.595492 0.047914
v -0.026346 -0.684488 0.044152
v -0.021464 -0.674661 0.046620
v -0.036785 -0.594707 0.012642
v -0.011880 -0.593248 0.044467
v 0.004612 -0.602933 0.039787
v 0.007428 -0.562932 0.021491
v -0.020856 -0.631509 -0.051821
v 0.016586 -0.546899 -0.000096
v 0.014629 -0.547441 -0.013884
v 0.007529 -0.547743 -0.021725
v 0.000351 -0.547428 -0.037911
v -0.011152 -0.546315 -0.039299
v -0.004717 -0.632152 -0.054939
v -0.029696 -0.562932 -0.022056
v -0.037064 -0.602941 -0.013982
v -0.041221 -0.594714 0.000366
v -0.022495 -0.594092 0.028105
v -0.018974 -0.673732 0.039467
v -0.058199 -0.602809 -0.025652
v -0.061860 -0.602246 -0.000139
v -0.058334 -0.602806 0.025369
v -0.001946 -0.562929 0.010500
v -0.011392 -0.631665 -0.057037
v 0.002659 -0.547319 -0.000212
v 0.001678 -0.547591 -0.006981
v -0.001897 -0.547738 -0.010947
v -0.005575 -0.547583 -0.015095
v -0.011175 -0.547019 -0.016304
v -0.011371 -0.636111 -0.041919
v -0.020368 -0.562929 -0.011113
v -0.045746 -0.603111 0.039187
v -0.032915 -0.602799 0.053908
v -0.016545 -0.630409 -0.053718
v 0.022816 -0.562932 0.039528
v 0.010119 -0.562621 0.053969
v -0.011428 -0.561462 0.057997
v -0.032962 -0.562621 0.053869
v -0.045746 -0.562932 0.039187
v -0.058311 -0.562629 0.025402
v -0.061834 -0.562068 -0.000139
v -0.058177 -0.562632 -0.025684
v -0.045012 -0.562932 -0.040010
v -0.008874 -0.635741 -0.041767
v -0.011158 -0.545117 -0.058052
v 0.009692 -0.547187 -0.053922
v 0.023000 -0.547743 -0.039414
v 0.035720 -0.547204 -0.025451
v 0.039250 -0.546201 0.000095
v -0.011180 -0.562929 -0.000333
v -0.027000 -0.672233 0.034652
v -0.001152 -0.673922 0.052701
v -0.033436 -0.675333 0.044603
v -0.030705 -0.679321 0.039151
v -0.031600 -0.677533 0.049609
v -0.022766 -0.675000 0.036806
v -0.004395 -0.671460 0.039606
v 0.010071 -0.602798 0.054008
v -0.011428 -0.601641 0.058052
v -0.041125 -0.602785 -0.006895
v -0.053173 -0.685698 -0.004159
v -0.060087 -0.602519 -0.012497
v -0.060062 -0.562341 -0.012512
v -0.059735 -0.529744 -0.012720
v 0.002712 -0.562931 0.015962
v -0.040191 -0.594873 0.007614
v -0.052025 -0.598913 0.011718
v -0.060001 -0.602542 0.013307
v -0.059977 -0.562364 0.013325
v -0.059649 -0.529785 0.013554
v -0.005955 -0.562929 0.005798
v 0.000162 -0.562930 0.012973
v -0.051390 -0.530549 0.033042
v -0.051531 -0.562793 0.032840
v -0.051542 -0.602970 0.032825
v -0.038622 -0.597367 0.029777
v -0.033344 -0.594539 0.017722
v -0.023012 -0.562930 -0.014215
v -0.040577 -0.530565 0.045207
v -0.040311 -0.562800 0.045429
v -0.040291 -0.602978 0.045445
v -0.035664 -0.598249 0.032451
v -0.026987 -0.594542 0.024837
v -0.016673 -0.593509 0.032342
v -0.017109 -0.596207 0.046464
v -0.020466 -0.602128 0.056309
v -0.020486 -0.561950 0.056260
v -0.020749 -0.529035 0.055609
v -0.008782 -0.562929 0.002481
v -0.005806 -0.595304 0.038906
v -0.002975 -0.678849 0.046500
v -0.001055 -0.602199 0.056101
v -0.001032 -0.562021 0.056054
v -0.000726 -0.529165 0.055418
v -0.016696 -0.562929 -0.006805
v -0.057316 -0.683316 -0.004380
v -0.048215 -0.684771 -0.003676
v -0.046448 -0.689271 -0.009437
v -0.017601 -0.635008 -0.043885
v -0.046664 -0.686512 -0.015286
v -0.053575 -0.683161 -0.016035
v -0.050116 -0.686535 -0.017077
v -0.056552 -0.688652 -0.012466
v -0.046874 -0.673061 0.013488
v -0.055724 -0.681838 0.023072
v -0.049772 -0.667968 0.010026
v -0.053941 -0.674506 0.010871
v -0.057959 -0.677133 0.016473
v -0.051529 -0.680686 0.023324
v -0.046297 -0.676562 0.024956
v -0.045747 -0.671786 0.017996
v 0.005263 -0.668215 0.044747
v -0.008762 -0.670704 0.048139
v -0.006380 -0.669249 0.039569
v 0.001339 -0.670931 0.040634
v 0.004145 -0.663879 0.052305
v -0.005737 -0.662267 0.052586
# 274 vertices

vn 0.857367 0.514702 0.001995
vn 0.843776 0.519581 0.134451
vn 0.834075 0.551649 0.001941
vn 0.844393 0.519581 -0.130523
vn 0.161460 0.043147 -0.985936
vn 0.162926 0.003926 -0.986630
vn 0.006655 -0.006170 -0.999959
vn 0.838937 0.477807 -0.260548
vn 0.837715 0.477807 0.264449
vn 0.002001 -0.006170 0.999979
vn 0.158333 0.003926 0.987378
vn 0.156748 0.043219 0.986693
vn -0.278981 0.910092 0.306433
vn -0.316453 0.897197 0.308050
vn -0.217081 0.934440 0.282308
vn -0.186950 0.950841 0.246881
vn -0.241070 0.921556 0.304335
vn -0.496403 0.654342 0.570457
vn -0.374578 0.850913 0.368292
vn -0.734138 0.603293 0.311576
vn -0.841327 0.519122 0.150604
vn -0.697071 0.575554 0.427587
vn -0.507322 0.766931 0.392991
vn -0.608325 0.609971 0.507815
vn -0.665569 0.589637 0.457543
vn -0.775810 0.546182 0.315919
vn -0.571710 0.650765 0.499653
vn -0.612604 0.607816 0.505248
vn -0.625147 0.602904 0.495679
vn -0.126865 0.959142 0.252886
vn -0.318022 0.659509 0.681109
vn -0.158141 0.645119 0.747538
vn -0.589593 0.618740 0.519172
vn -0.666182 0.576925 0.472610
vn -0.633731 0.597951 0.490754
vn -0.580371 0.610300 0.539170
vn -0.587760 0.614146 0.526652
vn -0.031756 0.983872 0.176035
vn -0.133463 0.923811 0.358832
vn -0.112882 0.968709 0.221046
vn -0.233842 0.912883 0.334609
vn -0.228469 0.894918 0.383306
vn -0.935555 0.094562 -0.340286
vn -0.827951 0.072574 -0.556085
vn -0.533112 0.020789 -0.845789
vn -0.688695 0.224040 0.689569
vn -0.697473 0.307691 0.647192
vn -0.728180 0.289582 0.621206
vn -0.354734 0.274737 0.893691
vn -0.613043 0.412710 0.673683
vn -0.506912 0.263478 0.820743
vn -0.694525 0.584950 0.418888
vn -0.699731 0.566741 0.434949
vn -0.592903 0.554476 0.583971
vn 0.002295 -0.196950 -0.980411
vn 0.002327 -0.108929 -0.994047
vn -0.181443 -0.105837 -0.977690
vn -0.388321 -0.193053 -0.901076
vn -0.493176 -0.098607 -0.864323
vn 0.494019 -0.189701 -0.848504
vn 0.499080 -0.099296 -0.860848
vn 0.186022 -0.105989 -0.976812
vn 0.754358 -0.082179 -0.651299
vn 0.738019 -0.164053 -0.654534
vn 0.745135 -0.081965 -0.661857
vn 0.890720 -0.173240 -0.420246
vn 0.900756 -0.089804 -0.424940
vn 0.735405 -0.083276 -0.672491
vn 0.986699 -0.087037 -0.137292
vn 0.986274 -0.165102 0.002405
vn 0.996138 -0.087766 0.002467
vn 0.928167 -0.171388 0.330352
vn 0.900005 -0.088842 0.426730
vn 0.986013 -0.086953 0.142188
vn 0.939605 0.067449 -0.335549
vn -0.506318 0.734382 0.452024
vn -0.566924 0.398734 0.720839
vn 0.140312 0.321344 0.936510
vn 0.123269 0.589314 0.798445
vn 0.666523 0.307090 0.679296
vn 0.615759 0.208838 0.759755
vn 0.356287 0.543272 0.760207
vn 0.191761 0.290265 0.937536
vn 0.693035 0.220303 0.686418
vn 0.098314 0.038166 0.994423
vn 0.560801 0.087790 0.823283
vn -0.825268 0.564674 -0.008651
vn -0.965185 0.214721 -0.149377
vn -0.611742 0.604018 0.510817
vn -0.757851 0.409582 0.507843
vn -0.665151 0.634668 0.393408
vn 0.948275 0.296244 -0.114079
vn 0.997585 0.068673 -0.010381
vn 0.826675 0.209239 0.522329
vn -0.412513 0.239491 0.878907
vn 0.809829 0.233197 -0.538327
vn 0.950903 0.079631 -0.299070
vn -0.122930 0.054817 -0.990900
vn -0.153799 0.026885 -0.987736
vn -0.022166 0.020694 -0.999540
vn -0.070171 0.063729 -0.995497
vn -0.944259 0.328391 -0.023136
vn -0.990841 0.035588 -0.130258
vn -0.954197 0.054732 -0.294129
vn -0.952996 0.247199 -0.175187
vn -0.421025 0.280450 0.862604
vn -0.591806 0.088141 0.801247
vn -0.208421 0.317928 0.924923
vn -0.178638 0.587856 0.788996
vn -0.511553 0.725195 0.460875
vn -0.680582 0.684165 0.262159
vn -0.306846 0.715649 0.627448
vn -0.974720 0.196818 -0.105755
vn -0.905454 -0.008043 0.424368
vn -0.901452 -0.090603 0.423290
vn -0.998097 -0.057124 -0.023231
vn -0.997620 0.053043 -0.044064
vn -0.779388 -0.051818 -0.624395
vn -0.180961 -0.009164 -0.983448
vn -0.891328 -0.172310 0.419336
vn -0.743139 -0.077878 0.664589
vn -0.737885 -0.165438 0.654336
vn -0.179892 0.022431 -0.983431
vn 0.735075 -0.165434 0.657492
vn 0.698671 -0.047386 0.713872
vn 0.036332 0.052867 -0.997940
vn 0.074644 0.055724 -0.995652
vn 0.839286 0.040396 0.542188
vn -0.986183 -0.165642 -0.002287
vn -0.194278 0.848093 0.492945
vn -0.310632 0.879580 0.360344
vn -0.112100 0.012108 0.993623
vn -0.469404 0.271189 0.840307
vn -0.001216 0.999995 -0.002863
vn -0.002794 0.999995 -0.001452
vn -0.025863 0.999301 -0.026991
vn -0.025685 0.999305 -0.027025
vn -0.734812 -0.165439 -0.657786
vn -0.917406 -0.021965 -0.397347
vn -0.889362 -0.172318 -0.423487
vn -0.741950 -0.024601 -0.670004
vn -0.430923 -0.018179 -0.902205
vn -0.406721 -0.022380 -0.913278
vn -0.739985 -0.025816 -0.672128
vn -0.937619 -0.023963 -0.346837
vn -0.928644 -0.022429 -0.370293
vn 0.002307 0.130314 -0.991470
vn 0.002319 0.083128 -0.996536
vn 0.414461 0.082084 -0.906358
vn 0.447013 0.125373 -0.885698
vn 0.442886 0.125373 0.887769
vn 0.410238 0.082084 0.908277
vn -0.002319 0.083128 0.996536
vn -0.002307 0.130314 0.991470
vn 0.549804 0.050912 -0.833741
vn 0.678811 0.038379 -0.733309
vn 0.926495 -0.047033 -0.373356
vn 0.314917 -0.008237 -0.949083
vn 0.942050 -0.335465 0.002192
vn 0.996435 -0.084333 0.002319
vn 0.924748 -0.047033 0.377664
vn 0.939031 -0.334322 -0.080306
vn 0.545918 0.050912 0.836290
vn 0.675391 0.038379 0.736461
vn -0.739778 0.118548 0.662325
vn -0.740986 0.079657 0.666780
vn -0.935135 0.076452 0.345945
vn -0.920088 0.117212 0.373763
vn 0.947925 -0.318487 0.002206
vn 0.929676 -0.312201 -0.195530
vn 0.310497 -0.008237 0.950539
vn -0.009497 0.013071 -0.999869
vn -0.947295 0.002030 0.320355
vn -0.999998 0.001774 -0.000291
vn -0.997155 0.075335 -0.002481
vn 0.938647 -0.334322 0.084675
vn 0.423525 0.047083 0.904660
vn 0.966909 -0.164670 -0.194861
vn 0.985790 -0.167965 0.002294
vn 0.951626 0.005413 0.307211
vn 0.740375 0.002795 0.672188
vn 0.999965 0.008048 0.002327
vn 0.427730 0.047083 -0.902679
vn 0.743495 0.002795 -0.668735
vn 0.953045 0.005413 -0.302779
vn 0.965992 -0.164670 0.199359
vn 0.928756 -0.312202 0.199855
vn 0.746518 -0.024629 -0.664910
vn 0.930741 -0.022164 -0.365006
vn 0.939716 -0.023273 -0.341162
vn 0.744888 -0.025605 -0.666698
vn 0.999828 -0.018388 0.002327
vn 0.999782 -0.020729 0.002327
vn 0.743412 -0.024629 0.668380
vn 0.741776 -0.025605 0.670159
vn 0.938118 -0.023273 0.345533
vn 0.929032 -0.022165 0.369335
vn 0.343388 0.098508 -0.934013
vn -0.058236 0.170833 -0.983578
vn 0.387378 0.002718 -0.921917
vn 0.002327 0.002584 -0.999994
vn -0.736283 0.138220 -0.662407
vn -0.737408 0.118334 -0.665001
vn -0.442886 0.125373 -0.887769
vn -0.510690 0.183111 -0.840039
vn -0.737984 0.079825 -0.670080
vn -0.738251 0.002842 -0.674520
vn -0.383083 0.002718 -0.923710
vn -0.410238 0.082084 -0.908277
vn 0.002327 -0.011992 -0.999925
vn 0.002327 -0.018918 -0.999818
vn 0.411482 -0.022528 -0.911140
vn 0.436150 -0.018474 -0.899684
vn -0.882118 0.174605 -0.437472
vn -0.918492 0.116742 -0.377814
vn -0.980083 0.198574 -0.002281
vn -0.993060 0.117567 -0.003093
vn -0.933485 0.076777 -0.350301
vn -0.945658 0.002361 -0.325156
vn -0.739358 0.138220 0.658973
vn -0.884144 0.174604 0.433361
vn -0.743029 0.002668 0.669254
vn -0.414461 0.082084 0.906358
vn -0.447013 0.125373 0.885698
vn -0.747117 -0.024635 0.664235
vn -0.930903 -0.022053 0.364599
vn -0.939543 -0.023322 0.341635
vn -0.745192 -0.025608 0.666358
vn -0.999828 -0.018388 -0.002327
vn -0.999776 -0.021147 -0.000907
vn -0.514507 0.183175 0.837693
vn -0.062806 0.170941 0.983278
vn -0.387378 0.002718 0.921917
vn -0.002327 0.002584 0.999994
vn 0.338950 0.098565 0.935627
vn 0.383083 0.002718 0.923710
vn 0.431956 -0.018474 0.901705
vn 0.407236 -0.022527 0.913045
vn -0.002327 -0.011992 0.999925
vn -0.002327 -0.018918 0.999818
vn -0.411689 -0.022587 0.911045
vn -0.436566 -0.018593 0.899480
vn -0.717686 0.353526 0.599955
vn -0.881513 0.472157 -0.001582
vn -0.345038 0.373837 0.860926
vn -0.684365 0.582884 0.438054
vn -0.715282 0.353497 -0.602836
vn -0.341590 0.373888 -0.862278
vn -0.683345 0.582965 -0.439535
vn 0.032404 0.980872 -0.191940
vn 0.031378 0.999506 0.001857
vn 0.029163 0.980253 0.195583
vn -0.014150 0.013071 0.999814
vn -0.002346 -0.197039 0.980393
vn 0.025564 -0.070974 0.997151
vn 0.463037 -0.019097 0.886133
vn 0.489245 -0.189271 0.851361
vn -0.495282 -0.098099 0.863176
vn -0.493102 -0.189240 0.849140
vn 0.868630 0.292838 0.399659
vn 0.810057 0.094624 0.578665
vn 0.650674 0.098595 0.752929
vn 0.789177 0.613031 -0.037319
vn 0.911231 0.371424 0.178053
vn -0.030100 0.998924 -0.035277
vn 0.020306 0.999612 0.019069
vn -0.000665 1.000000 0.000076
vn -0.002518 0.999997 0.000017
vn 0.016600 0.999683 0.018951
vn -0.545041 0.184174 0.817930
vn 0.577088 0.660030 0.480967
vn -0.002033 0.049932 -0.998751
vn -0.318820 0.374295 0.870779
vn -0.658568 0.715915 0.231849
vn -0.583170 0.762606 0.279903
vn 0.041590 0.998917 0.020880
vn -0.026042 0.999297 -0.026957
vn 0.580166 0.792651 -0.187384
vn 0.828196 0.065461 -0.556603
vn 0.538974 0.030129 -0.841783
vn 0.780461 0.021943 -0.624820
vn -0.922105 0.306592 -0.236058
vn -0.813011 0.501458 -0.295896
vn -0.803837 0.588558 0.086284
vn 0.873174 0.026463 -0.486689
vn 0.905557 -0.001856 -0.424220
vn 0.990726 -0.004809 -0.135790
vn 0.987551 0.009158 -0.157034
vn 0.746620 0.000041 -0.665250
vn 0.746887 0.000365 -0.664951
vn 0.738466 0.000554 -0.674291
vn 0.686517 0.023921 -0.726720
vn -0.618142 0.385096 0.685274
vn -0.510660 0.673888 0.533950
vn 0.924250 0.085374 0.372119
vn -0.164368 0.779916 -0.603916
vn 0.055936 0.998194 0.021897
vn 0.092954 0.995196 0.030717
vn -0.636096 0.743025 0.208077
vn 0.566384 0.002989 0.824136
vn 0.497948 -0.003464 -0.867200
vn 0.755185 0.000998 -0.655511
vn -0.387134 0.345414 0.854878
vn -0.890299 0.072312 -0.449599
vn 0.662974 0.059122 0.746304
vn 0.999983 -0.005286 0.002548
vn 0.990021 -0.004784 0.140835
vn 0.002320 -0.010702 -0.999940
vn 0.185524 -0.009341 -0.982595
vn -0.923518 0.124062 -0.362938
vn 0.896482 0.006480 0.443032
vn -0.402413 0.002524 0.915455
vn -0.742597 0.010290 0.669659
vn 0.999132 0.014780 0.038954
vn 0.984468 0.027086 0.173460
vn 0.210497 0.015446 -0.977473
vn 0.914332 0.033210 0.403602
vn 0.689953 0.032204 0.723138
vn -0.967226 0.083098 -0.239934
vn -0.974167 0.075895 -0.212692
vn -0.959471 0.090230 -0.266973
vn 0.208885 0.028795 -0.977516
vn 0.304827 0.027064 -0.952023
vn -0.352386 0.932588 0.078120
vn -0.408920 0.908721 0.083729
vn -0.252879 0.865909 0.431571
vn -0.084678 0.771736 -0.630281
vn -0.378210 0.825438 -0.419057
vn -0.933542 0.327047 0.146762
vn 0.376197 0.522632 0.765070
vn 0.253258 0.048451 -0.966185
vn -0.096988 0.606545 0.789111
vn -0.368845 0.462396 -0.806314
vn -0.597855 -0.646543 0.473869
vn -0.745499 -0.586482 0.316656
vn 0.774429 0.527239 0.349684
vn 0.587183 0.363274 -0.723359
vn -0.420245 -0.674197 0.607332
vn -0.953763 0.142811 -0.264466
vn -0.908839 0.131134 -0.395999
vn -0.846234 0.116905 -0.519828
vn -0.373554 0.057990 0.925794
vn -0.478125 0.042173 0.877279
vn -0.263925 0.073022 0.961775
vn 0.977256 0.054798 0.204862
vn 0.952727 0.063908 0.297032
vn 0.110884 0.030243 -0.993373
vn 0.992814 0.045185 0.110811
vn 0.979926 0.028560 -0.197303
vn 0.508846 0.013716 0.860748
vn 0.408836 0.000135 0.912608
vn 0.303562 -0.013449 0.952717
vn -0.765196 0.113016 0.633800
vn -0.841097 0.124282 0.526413
vn 0.568544 0.071196 -0.819566
vn -0.128644 0.096365 -0.986998
vn -0.986240 0.139606 0.088545
vn -0.961336 0.130429 -0.242533
vn -0.175335 0.045746 -0.983445
# 359 normals

vt 0.502869 0.062500 0.000000
vt 0.587881 0.062500 0.000000
vt 0.572879 0.062500 0.000000
vt 0.435742 0.062500 0.000000
vt 0.421937 0.062500 0.000000
vt 0.457929 0.062500 0.000000
vt 0.505350 0.062500 0.000000
vt 0.548767 0.062500 0.000000
vt 0.503575 0.062500 0.000000
vt 0.504339 0.062500 0.000000
vt 0.500661 0.045394 0.000000
vt 0.501064 0.054011 0.000000
vt 0.502889 0.062500 0.000000
vt 0.503300 0.062500 0.000000
vt 0.501460 0.062500 0.000000
vt 0.501900 0.062500 0.000000
vt 0.502318 0.062500 0.000000
vt 0.500630 0.062500 0.000000
vt 0.500840 0.062500 0.000000
vt 0.500954 0.062500 0.000000
vt 0.501048 0.062500 0.000000
vt 0.501227 0.062500 0.000000
vt 0.501353 0.062500 0.000000
vt 0.499974 0.045940 0.000000
vt 0.500253 0.036675 0.000000
vt 0.499944 0.062500 0.000000
vt 0.500207 0.062500 0.000000
vt 0.655205 0.062500 0.000000
vt 0.407111 0.062500 0.000000
vt 0.345302 0.062500 0.000000
vt 0.506718 0.062500 0.000000
vt 0.506284 0.062500 0.000000
vt 0.505805 0.062500 0.000000
vt 0.590462 0.046327 0.000000
vt 0.421131 0.044395 0.000000
vt 0.598839 0.047723 0.000000
vt 0.409181 0.046386 0.000000
vt 0.524389 0.062500 0.000000
vt 0.514050 0.056115 0.000000
vt 0.672964 0.062500 0.000000
vt 0.457737 0.058184 0.000000
vt 0.500106 0.033525 0.000000
vt 0.500393 0.039654 0.000000
vt 0.550180 0.053647 0.000000
vt 0.504013 0.049915 0.000000
vt 0.450946 0.053679 0.000000
vt 0.457488 0.052589 0.000000
vt 0.551782 0.058434 0.000000
vt 0.554766 0.054411 0.000000
vt 0.603300 0.062500 0.000000
vt 0.435076 0.047538 0.000000
vt 0.398022 0.062500 0.000000
vt 0.501082 0.062500 0.000000
vt 0.552000 0.062500 0.000000
vt 0.450127 0.062500 0.000000
vt 0.500067 0.062500 0.000000
vt 0.500698 0.062500 0.000000
vt 0.500000 0.939337 0.000000
vt 0.308578 0.910047 0.000000
vt 0.691422 0.910047 0.000000
vt 0.855515 0.824141 0.000000
vt 0.144485 0.824141 0.000000
vt 0.500309 0.062500 0.000000
vt 0.581935 0.050288 0.000000
vt 0.575012 0.049135 0.000000
# 65 texture coordinates

o Right_Arm
usemtl default
f 364/39/295 305/15/304 383/15/303 324/44/294 379/26/301 304/32/299 362/33/298 363/9/296
f 513/72/310 514/71/309 508/70/308 507/69/307 464/68/306
f 418/72/312 509/75/313 508/70/308 514/71/309 515/73/311
f 447/77/315 314/76/314 510/81/319 463/80/318 461/79/317 445/78/316
f 463/79/318 527/84/322 282/83/321 482/82/320 461/79/317
f 441/78/323 457/79/326 455/88/328 504/87/327 497/86/325 439/85/324
f 482/79/320 521/90/330 503/89/329 455/88/328 457/79/326
f 429/79/333 431/94/335 467/93/334 366/91/332 481/46/331
f 490/32/336 468/32/338 467/93/337 431/94/340 432/95/339
f 422/32/344 423/100/347 368/99/346 475/98/345 370/96/343 452/40/342
f 393/32/351 404/32/352 526/101/350 405/46/349 400/46/348
f 400/46/348 405/46/349 520/102/355 406/40/354 391/40/353
f 391/40/353 406/40/354 511/72/356 407/68/358 392/31/357
f 392/31/357 407/68/358 505/69/361 408/32/360 398/32/359
f 398/32/359 408/32/360 502/103/362 409/46/364 394/46/363
f 394/46/363 409/46/364 496/104/367 410/40/366 389/40/365
f 440/107/368 280/106/368 430/105/368 531/95/368
f 423/100/347 447/77/315 445/78/316 430/105/369
f 503/89/329 521/90/330 515/73/311 450/108/370
f 466/32/374 440/107/373 278/110/372 456/109/371
f 437/78/377 522/111/376 497/86/325 504/87/375
f 521/90/330 482/82/320 418/74/312 515/73/311
f 425/112/379 466/32/374 456/109/371 477/46/378
f 510/81/319 314/76/314 492/113/381 449/78/380
f 455/88/328 503/89/329 450/108/370 516/114/382
f 509/75/313 418/74/312 482/82/320 282/83/321
f 498/116/384 436/115/383 527/84/322 463/80/318
f 463/80/318 510/81/319 449/78/380 498/116/384
f 546/78/387 437/78/377 433/92/386 545/92/385
f 522/111/376 438/117/388 439/85/324 497/86/325
f 545/92/385 433/92/386 491/46/390 549/46/389
f 549/46/394 491/46/393 524/101/392 484/101/391
f 435/118/398 517/118/397 516/114/396 451/114/395
f 451/114/400 516/114/382 450/108/370 488/119/399
f 278/110/372 424/97/402 446/40/401 456/109/371
f 482/82/320 457/79/326 458/121/404 459/120/403
f 482/82/320 459/120/403 460/122/405 461/79/317
f 314/76/314 447/77/315 448/119/406 492/113/381
f 432/95/339 431/94/340 439/85/324 438/117/388
f 481/46/410 417/46/409 416/32/408 480/32/407
f 468/32/338 404/32/352 403/93/411 467/93/337
f 525/101/412 526/101/350 404/32/352 468/32/338
f 397/31/415 415/123/414 416/32/408 395/32/413
f 524/101/392 525/101/412 468/32/338 490/32/416
f 389/40/365 410/40/366 411/98/418 402/98/417
f 528/46/420 453/46/420 421/92/419 493/92/419
f 440/107/373 466/32/374 425/112/379 280/106/421
f 395/32/413 416/32/408 417/46/409 390/46/422
f 433/92/424 517/118/424 518/102/423 491/46/423
f 547/117/426 438/117/388 522/111/376 489/111/425
f 458/121/430 442/117/429 443/124/428 459/120/427
f 401/40/433 386/40/432 403/93/411 388/31/431
f 312/34/437 338/33/436 399/32/435 402/98/434
f 402/98/434 389/40/439 348/39/438 312/34/437
f 384/126/443 334/16/442 335/45/441 381/125/440
f 378/125/447 351/45/446 352/25/445 299/127/444
f 382/127/451 328/25/450 307/24/449 376/128/448
f 288/126/455 326/16/454 327/45/453 374/125/452
f 299/127/444 352/25/445 302/24/457 377/128/456
f 309/127/461 325/25/460 319/24/459 343/128/458
f 286/126/463 288/126/455 374/125/452 293/125/462
f 377/129/456 302/17/457 326/16/454 288/126/464
f 375/127/465 382/127/451 304/26/299 379/26/300
f 292/45/468 321/12/467 345/5/466 325/25/460
f 374/125/452 327/45/453 328/25/450 382/127/469
f 377/129/456 288/126/464 305/15/304 277/14/470
f 286/126/463 293/125/462 324/44/472 383/15/471
f 285/61/474 333/60/473 326/16/454 302/17/457
f 333/60/473 284/12/475 327/45/453 326/16/454
f 304/26/299 382/127/451 376/128/448 279/23/476
f 328/25/450 329/5/478 287/62/477 307/24/449
f 324/44/472 293/125/462 375/127/480 379/26/479
f 327/45/453 284/12/475 329/5/478 328/25/450
f 306/34/484 330/33/483 395/32/482 397/31/481
f 330/33/483 331/9/486 390/46/485 395/32/482
f 287/62/477 329/5/478 330/33/483 306/34/484
f 329/5/478 284/12/475 331/9/486 330/33/483
f 401/40/490 332/39/489 303/38/488 388/93/487
f 332/39/489 333/60/473 285/61/474 303/38/488
f 390/46/485 331/9/486 332/39/489 401/40/490
f 331/9/486 284/12/475 333/60/473 332/39/489
f 376/129/448 384/126/443 311/15/491 279/14/476
f 384/126/443 381/125/440 290/44/492 311/15/491
f 287/61/477 341/60/493 334/16/442 307/17/449
f 341/60/493 289/12/494 335/45/441 334/16/442
f 310/26/498 320/127/497 380/128/496 281/23/495
f 336/25/502 337/5/501 291/62/500 313/24/499
f 290/44/492 381/125/440 320/127/497 310/26/498
f 335/45/441 289/12/494 337/5/501 336/25/502
f 338/33/436 339/9/504 396/46/503 399/32/435
f 291/62/500 337/5/501 338/33/436 312/34/437
f 337/5/501 289/12/494 339/9/504 338/33/436
f 387/40/506 340/39/505 306/38/484 397/123/481
f 340/39/505 341/60/493 287/61/477 306/38/484
f 396/46/503 339/9/504 340/39/505 387/40/506
f 339/9/504 289/12/494 341/60/493 340/39/505
f 380/129/496 296/126/508 317/15/507 281/14/495
f 296/126/508 308/125/510 294/44/509 317/15/507
f 291/61/500 349/60/512 342/16/511 313/17/499
f 349/60/512 321/12/467 292/45/468 342/16/511
f 316/26/514 309/127/461 343/128/458 283/23/513
f 325/25/460 345/5/466 295/62/515 319/24/459
f 294/44/509 308/125/510 309/127/461 316/26/514
f 344/126/517 350/16/516 351/45/446 378/125/447
f 318/34/521 346/33/520 398/32/519 392/31/518
f 346/33/520 347/9/523 394/46/522 398/32/519
f 295/62/515 345/5/466 346/33/520 318/34/521
f 345/5/466 321/12/467 347/9/523 346/33/520
f 348/39/438 349/60/512 291/61/500 312/38/437
f 394/46/522 347/9/523 348/39/438 389/40/439
f 347/9/523 321/12/467 349/60/512 348/39/438
f 343/129/458 344/126/517 323/15/524 283/14/513
f 344/126/517 378/125/447 298/44/525 323/15/524
f 295/61/515 357/60/526 350/16/516 319/17/459
f 357/60/526 297/12/527 351/45/446 350/16/516
f 322/26/528 299/127/444 377/128/456 277/23/470
f 352/25/445 353/5/529 285/62/474 302/24/457
f 298/44/525 378/125/447 299/127/444 322/26/528
f 351/45/446 297/12/527 353/5/529 352/25/445
f 303/34/488 354/33/531 393/32/530 388/31/487
f 354/33/531 355/9/533 400/46/532 393/32/530
f 285/62/474 353/5/529 354/33/531 303/34/488
f 353/5/529 297/12/527 355/9/533 354/33/531
f 391/40/535 356/39/534 318/38/521 392/68/518
f 356/39/534 357/60/526 295/61/515 318/38/521
f 400/46/532 355/9/533 356/39/534 391/40/535
f 355/9/533 297/12/527 357/60/526 356/39/534
f 323/17/524 358/16/536 316/15/514 283/14/513
f 358/16/536 359/45/537 294/44/509 316/15/514
f 298/61/525 365/60/538 358/16/536 323/17/524
f 365/60/538 300/12/539 359/45/537 358/16/536
f 317/26/507 360/25/540 310/24/498 281/23/495
f 360/25/540 361/5/541 290/62/492 310/24/498
f 294/44/509 359/45/537 360/25/540 317/26/507
f 359/45/537 300/12/542 361/5/541 360/25/540
f 311/34/491 362/33/298 304/32/299 279/31/476
f 290/62/492 361/5/541 362/33/298 311/34/491
f 361/5/543 300/12/544 363/9/544 362/33/543
f 305/40/304 364/39/305 322/38/528 277/37/470
f 364/39/305 365/60/538 298/61/525 322/38/528
f 293/125/462 374/125/452 382/127/469 375/127/480
f 363/9/544 300/12/544 365/60/545 364/39/545
f 380/129/496 313/17/499 342/16/511 296/126/508
f 376/129/448 307/17/449 334/16/442 384/126/443
f 308/125/510 292/45/468 325/25/460 309/127/461
f 296/126/508 342/16/511 292/45/468 308/125/510
f 383/15/303 305/15/304 288/126/464 286/126/546
f 320/127/497 336/25/502 313/24/499 380/128/496
f 381/125/440 335/45/441 336/25/502 320/127/497
f 343/129/458 319/17/459 350/16/516 344/126/517
f 388/31/431 403/93/411 404/32/352 393/32/351
f 390/46/422 417/46/409 386/40/432 401/40/433
f 399/32/550 412/32/549 413/46/548 396/46/547
f 387/40/552 414/40/551 415/123/414 397/31/415
f 396/46/547 413/46/548 414/40/551 387/40/552
f 402/98/417 411/98/418 412/32/549 399/32/550
f 483/73/555 515/73/555 514/71/554 486/71/553
f 434/97/556 486/71/553 485/72/557 487/40/556
f 457/79/558 441/78/323 442/117/429 458/121/430
f 426/97/562 427/130/561 479/123/560 478/40/559
f 448/119/563 447/77/315 423/100/347 422/97/344
f 315/131/564 371/103/564 301/32/564 420/95/564
f 493/92/419 421/92/419 449/78/565 529/78/565
f 488/119/399 450/108/370 515/73/311 483/73/566
f 280/106/567 368/99/346 423/100/347 430/105/369
f 282/83/321 527/84/322 436/115/383 509/75/313
f 504/87/327 455/88/328 516/114/382 437/78/568
f 426/97/562 444/119/569 443/124/428 427/130/561
f 428/95/570 480/32/570 479/123/560 427/130/561
f 429/92/333 481/46/331 480/32/570 428/95/570
f 429/92/333 441/78/323 439/85/324 431/94/335
f 440/107/571 531/95/571 462/78/571 278/110/571
f 485/72/572 513/72/574 465/40/573 487/40/572
f 523/132/576 484/101/576 548/32/575 544/95/575
f 435/118/398 451/114/395 488/119/577 434/97/577
f 500/103/581 501/103/580 472/32/579 454/32/578
f 507/69/585 506/69/584 471/68/583 464/68/582
f 489/111/587 523/132/587 544/95/586 547/117/426
f 486/71/553 514/71/554 513/72/588 485/72/557
f 278/110/589 462/78/589 476/119/589 424/97/589
f 441/78/323 429/92/333 428/95/570 442/117/429
f 442/117/429 428/95/570 427/130/561 443/124/428
f 444/119/569 460/122/590 459/120/427 443/124/428
f 445/78/591 461/79/591 460/122/590 444/119/569
f 280/106/567 425/112/592 475/98/345 368/99/346
f 489/111/593 522/111/376 437/78/377 546/78/387
f 513/72/574 512/72/595 470/40/594 465/40/573
f 373/116/596 315/131/596 420/95/596 372/117/596
f 419/102/597 518/102/597 517/118/397 435/118/398
f 411/98/418 475/98/598 425/112/379 412/32/549
f 495/104/600 496/104/367 409/46/364 473/46/599
f 425/112/379 477/46/378 413/46/548 412/32/549
f 519/102/602 520/102/355 405/46/349 469/46/601
f 403/93/411 386/40/432 366/91/603 467/93/337
f 475/98/598 411/98/418 410/40/366 474/40/604
f 386/40/432 417/46/409 481/46/410 366/91/603
f 512/72/595 511/72/356 406/40/354 470/40/594
f 478/40/605 414/40/551 413/46/548 477/46/378
f 479/123/606 415/123/414 414/40/551 478/40/605
f 506/69/584 505/69/361 407/68/358 471/68/583
f 501/103/580 502/103/362 408/32/360 472/32/579
f 480/32/407 416/32/408 415/123/414 479/123/606
f 494/104/608 495/104/600 473/46/599 453/46/607
f 518/102/609 519/102/602 469/46/601 491/46/393
f 370/96/611 475/98/598 474/40/604 452/40/610
f 529/78/613 449/78/380 492/113/381 530/113/612
f 530/113/612 492/113/381 448/119/406 532/119/614
f 494/104/608 452/40/610 474/40/604 495/104/600
f 495/104/600 474/40/604 410/40/366 496/104/367
f 531/95/616 430/105/616 445/78/615 462/78/615
f 498/116/384 449/78/380 421/92/617 499/131/617
f 499/131/617 421/92/617 453/46/618 500/103/618
f 500/103/581 453/46/607 473/46/599 501/103/580
f 501/103/580 473/46/599 409/46/364 502/103/362
f 530/131/619 532/103/619 534/32/619 367/95/619
f 529/116/620 530/131/620 367/95/620 493/117/620
f 506/69/584 472/32/579 408/32/360 505/69/361
f 507/69/585 454/32/578 472/32/579 506/69/584
f 369/70/621 420/95/621 301/32/621 276/69/621
f 385/75/622 372/117/622 420/95/622 369/70/622
f 535/70/623 367/95/623 534/32/623 533/69/623
f 512/72/595 471/68/583 407/68/358 511/72/356
f 513/72/574 464/68/582 471/68/583 512/72/595
f 487/40/624 465/40/573 518/102/609 419/102/624
f 486/71/625 434/97/625 488/119/399 483/73/566
f 517/118/424 433/92/424 437/78/568 516/114/382
f 435/118/626 434/97/626 487/40/626 419/102/626
f 518/102/609 465/40/573 470/40/594 519/102/602
f 519/102/602 470/40/594 406/40/354 520/102/355
f 535/95/628 367/95/627 528/46/627
f 489/111/629 546/78/387 545/92/385 523/132/629
f 523/132/630 545/92/385 549/46/389 484/101/630
f 524/101/392 491/46/393 469/46/601 525/101/412
f 525/101/412 469/46/601 405/46/349 526/101/350
f 528/46/627 367/95/627 493/92/631
f 424/97/633 426/97/633 478/40/632 446/40/632
f 476/119/634 444/119/634 426/97/633 424/97/633
f 532/119/636 448/119/563 422/97/344 534/97/635
f 534/97/635 422/97/344 452/40/342 533/40/637
f 533/40/639 452/40/610 494/104/608 535/104/638
f 462/78/615 445/78/615 444/119/640 476/119/640
f 535/104/638 494/104/608 453/46/607 528/46/641
f 446/40/401 478/40/605 477/46/378 456/109/371
f 540/103/642 500/103/581 454/32/578 537/32/642
f 539/131/644 499/131/644 500/103/643 540/103/643
f 538/116/645 498/116/645 499/131/644 539/131/644
f 536/117/647 436/115/383 498/116/384 538/116/646
f 537/32/648 454/32/578 507/69/585 541/69/648
f 541/69/649 507/69/649 508/70/649 542/70/649
f 543/75/650 509/75/313 436/115/383 536/117/647
f 542/70/651 508/70/651 509/75/313 543/75/650
f 548/32/575 490/32/336 432/95/336 544/95/575
f 484/101/391 524/101/392 490/32/416 548/32/652
f 544/95/586 432/95/339 438/117/388 547/117/426

v 0.051529 -0.680686 0.023324
v -0.015945 -0.133108 0.030644
v 0.010170 -0.641675 -0.049079
v -0.016087 -0.133108 -0.030563
v 0.025172 -0.544045 -0.046800
v 0.038531 -0.133108 -0.030690
v 0.014008 -0.562929 -0.003652
v 0.038673 -0.133108 0.030517
v -0.035815 -0.292292 0.000086
v -0.023110 -0.292292 0.038712
v -0.058751 -0.060563 0.018482
v -0.023290 -0.292292 -0.038597
v -0.052138 -0.066114 0.018461
v 0.011170 -0.292292 -0.052814
v 0.011203 -0.093885 -0.038678
v 0.045696 -0.292292 -0.038758
v 0.055463 -0.174481 -0.000170
v -0.057342 -0.048334 0.000137
v 0.045786 -0.093885 -0.000103
v 0.045876 -0.292292 0.038551
v 0.044479 -0.116861 -0.018437
v 0.011416 -0.292292 0.052768
v 0.011383 -0.093885 0.038631
v -0.004983 -0.116861 0.037253
v -0.008534 0.000000 0.000023
v 0.055724 -0.681838 0.023072
v -0.020743 -0.185683 0.036046
v -0.020743 -0.421899 0.036046
v -0.055247 -0.049357 -0.018022
v -0.055162 -0.049357 0.018285
v -0.020910 -0.421899 -0.035942
v -0.020910 -0.185683 -0.035942
v 0.046972 -0.104633 -0.000106
v 0.044565 -0.116861 0.018236
v 0.027408 -0.106846 -0.036055
v -0.004990 -0.106846 -0.035979
v 0.043328 -0.421899 -0.036092
v 0.043328 -0.185683 -0.036092
v 0.024785 -0.562930 -0.016296
v 0.053941 -0.674506 0.010871
v 0.043454 -0.106846 0.018056
v 0.043370 -0.106846 -0.018251
v 0.043496 -0.421899 0.035896
v 0.043496 -0.185683 0.035896
v 0.027569 -0.116861 -0.037299
v 0.058515 -0.292292 -0.000111
v -0.004823 -0.106846 0.036009
v 0.027576 -0.106846 0.035933
v -0.060116 -0.030844 0.000143
v 0.052416 -0.180082 0.019517
v -0.029625 -0.180085 0.019686
v -0.029967 -0.174487 0.000073
v -0.029716 -0.180085 -0.019542
v -0.032699 -0.292292 -0.020996
v -0.029716 -0.427497 -0.019542
v -0.032650 -0.433095 0.000079
v -0.029625 -0.427497 0.019686
v -0.032601 -0.292292 0.021154
v -0.006317 -0.180085 -0.045888
v 0.011178 -0.174487 -0.049267
v 0.028689 -0.180085 -0.045969
v 0.029984 -0.292292 -0.049311
v 0.028689 -0.427497 -0.045969
v 0.011178 -0.433095 -0.049267
v -0.006317 -0.427497 -0.045888
v -0.007628 -0.292292 -0.049223
v 0.052211 -0.180085 -0.019733
v 0.039278 -0.140721 0.031192
v 0.027742 -0.116861 0.037177
v 0.055285 -0.292292 0.020949
v 0.052302 -0.427497 0.019496
v 0.055236 -0.433095 -0.000125
v 0.052211 -0.427497 -0.019733
v 0.055407 -0.292292 -0.021293
v 0.028902 -0.180085 0.045842
v 0.011407 -0.174487 0.049221
v -0.006103 -0.180085 0.045923
v -0.007399 -0.292292 0.049265
v -0.006103 -0.427497 0.045923
v 0.011407 -0.433095 0.049221
v 0.028902 -0.427497 0.045842
v 0.030214 -0.292292 0.049177
v 0.028841 -0.058558 0.019550
v 0.030099 -0.042292 -0.000067
v 0.028750 -0.058558 -0.019678
v -0.015714 -0.004401 -0.021035
v -0.039198 -0.004838 -0.019520
v -0.040432 -0.001082 0.000097
v -0.039106 -0.004838 0.019708
v -0.015616 -0.004537 0.021114
v -0.031524 -0.554066 0.018631
v 0.053889 -0.690992 -0.010531
v 0.042217 -0.562932 -0.036734
v 0.046297 -0.676562 0.024955
v 0.049916 -0.583383 -0.032643
v 0.057959 -0.677133 0.016472
v 0.046874 -0.673061 0.013487
v 0.049772 -0.667968 0.010025
v -0.055940 -0.058200 0.000133
v -0.058836 -0.060563 -0.018202
v -0.016693 -0.140721 -0.031238
v -0.016547 -0.140721 0.031322
v 0.011386 -0.104633 0.039960
v -0.061860 -0.043806 -0.018012
v 0.039133 -0.140721 -0.031368
v 0.011200 -0.104633 -0.040007
v -0.052223 -0.066114 -0.018212
v -0.061775 -0.043806 0.018306
v -0.005157 -0.116861 -0.037223
v 0.045747 -0.671786 0.017996
v -0.035298 -0.530265 0.026059
v -0.008213 -0.485752 -0.044987
v -0.018154 -0.485771 0.033681
v 0.050884 -0.485790 -0.022384
v -0.031546 -0.485040 0.000077
v 0.030799 -0.485752 0.044940
v 0.041048 -0.485771 0.033373
v -0.008003 -0.485752 0.045031
v 0.054132 -0.485040 -0.000123
v -0.028402 -0.485790 -0.022199
v 0.011180 -0.484322 -0.048498
v -0.018311 -0.485771 -0.033589
v 0.050988 -0.485790 0.022153
v 0.030589 -0.485752 -0.045077
v 0.011406 -0.484322 0.048452
v -0.028298 -0.485790 0.022338
v 0.040373 -0.485770 -0.034137
v -0.022817 -0.530791 0.039526
v -0.010752 -0.530260 0.053448
v 0.011426 -0.528145 0.057253
v 0.033590 -0.530260 0.053343
v 0.045744 -0.530791 0.039189
v 0.058007 -0.530265 0.025838
v 0.061479 -0.529250 -0.000141
v 0.057878 -0.530269 -0.026112
v 0.045023 -0.530790 -0.039997
v 0.033332 -0.530256 -0.053501
v 0.011159 -0.528144 -0.057301
v -0.011002 -0.530259 -0.053392
v -0.023002 -0.530791 -0.039412
v -0.035419 -0.530266 -0.025887
v -0.038894 -0.529250 0.000093
v 0.030305 -0.594541 0.021122
v 0.026067 -0.669997 0.052333
v 0.050206 -0.683703 0.016187
v 0.053566 -0.598479 0.000648
v 0.050093 -0.602860 -0.021177
v 0.039137 -0.562932 -0.033124
v 0.005603 -0.640493 -0.049149
v 0.026098 -0.545383 -0.050124
v -0.005155 -0.547280 -0.044712
v -0.017066 -0.547743 -0.032630
v -0.027630 -0.547295 -0.021015
v -0.030557 -0.546469 0.000021
v 0.024217 -0.542667 -0.043376
v -0.016914 -0.562932 0.032609
v -0.011341 -0.602850 0.044684
v 0.012798 -0.595492 0.047914
v 0.026346 -0.684488 0.044151
v 0.021465 -0.674661 0.046620
v 0.036785 -0.594707 0.012641
v 0.011880 -0.593248 0.044466
v -0.004612 -0.602933 0.039787
v -0.007428 -0.562932 0.021490
v 0.020856 -0.631509 -0.051822
v -0.016586 -0.546899 -0.000096
v -0.014629 -0.547441 -0.013884
v -0.007529 -0.547743 -0.021725
v -0.000350 -0.547428 -0.037911
v 0.011152 -0.546315 -0.039300
v 0.004717 -0.632152 -0.054940
v 0.029696 -0.562932 -0.022057
v 0.037064 -0.602941 -0.013983
v 0.041221 -0.594714 0.000365
v 0.022495 -0.594092 0.028105
v 0.018974 -0.673732 0.039466
v 0.058199 -0.602809 -0.025653
v 0.061860 -0.602246 -0.000140
v 0.058334 -0.602806 0.025369
v 0.001946 -0.562929 0.010500
v 0.011392 -0.631665 -0.057037
v -0.002659 -0.547319 -0.000213
v -0.001678 -0.547591 -0.006981
v 0.001897 -0.547738 -0.010947
v 0.005575 -0.547583 -0.015096
v 0.011175 -0.547019 -0.016305
v 0.011371 -0.636111 -0.041919
v 0.020368 -0.562929 -0.011114
v 0.045746 -0.603111 0.039186
v 0.032915 -0.602799 0.053907
v 0.016545 -0.630409 -0.053719
v -0.022816 -0.562932 0.039527
v -0.010119 -0.562621 0.053969
v 0.011428 -0.561462 0.057996
v 0.032962 -0.562621 0.053868
v 0.045746 -0.562932 0.039187
v 0.058311 -0.562629 0.025401
v 0.061834 -0.562068 -0.000140
v 0.058177 -0.562632 -0.025685
v 0.045012 -0.562932 -0.040011
v 0.008874 -0.635741 -0.041768
v 0.011158 -0.545117 -0.058052
v -0.009692 -0.547187 -0.053922
v -0.023000 -0.547743 -0.039414
v -0.035720 -0.547204 -0.025452
v -0.039250 -0.546201 0.000094
v 0.011180 -0.562929 -0.000333
v 0.027000 -0.672233 0.034652
v 0.001152 -0.673922 0.052700
v 0.033436 -0.675333 0.044602
v 0.030705 -0.679321 0.039151
v 0.031600 -0.677533 0.049609
v 0.022766 -0.675000 0.036805
v 0.004395 -0.671460 0.039606
v -0.010071 -0.602798 0.054008
v 0.011428 -0.601641 0.058052
v 0.041125 -0.602785 -0.006896
v 0.053174 -0.685698 -0.004159
v 0.060087 -0.602519 -0.012497
v 0.060062 -0.562341 -0.012513
v 0.059735 -0.529744 -0.012720
v -0.002712 -0.562931 0.015962
v 0.040191 -0.594873 0.007614
v 0.052025 -0.598913 0.011718
v 0.060002 -0.602542 0.013307
v 0.059977 -0.562364 0.013324
v 0.059649 -0.529785 0.013554
v 0.005955 -0.562929 0.005797
v -0.000162 -0.562930 0.012972
v 0.051390 -0.530549 0.033042
v 0.051532 -0.562793 0.032839
v 0.051542 -0.602970 0.032824
v 0.038622 -0.597367 0.029776
v 0.033344 -0.594539 0.017721
v 0.023012 -0.562930 -0.014216
v 0.040577 -0.530565 0.045206
v 0.040311 -0.562800 0.045428
v 0.040291 -0.602978 0.045445
v 0.035664 -0.598249 0.032450
v 0.026987 -0.594542 0.024836
v 0.016673 -0.593509 0.032342
v 0.017109 -0.596207 0.046463
v 0.020466 -0.602128 0.056309
v 0.020486 -0.561950 0.056260
v 0.020749 -0.529035 0.055608
v 0.008782 -0.562929 0.002480
v 0.005806 -0.595304 0.038905
v 0.002975 -0.678849 0.046500
v 0.001055 -0.602199 0.056101
v 0.001032 -0.562021 0.056053
v 0.000726 -0.529165 0.055418
v 0.016696 -0.562929 -0.006806
v 0.057316 -0.683316 -0.004381
v 0.048215 -0.684771 -0.003677
v 0.046448 -0.689271 -0.009438
v 0.017601 -0.635008 -0.043886
v 0.046664 -0.686512 -0.015286
v 0.053575 -0.683161 -0.016035
v 0.050116 -0.686535 -0.017078
v 0.056552 -0.688652 -0.012467
v 0.046874 -0.673061 0.013487
v 0.055724 -0.681838 0.023072
v 0.049772 -0.667968 0.010025
v 0.053941 -0.674506 0.010871
v 0.057959 -0.677133 0.016472
v 0.051529 -0.680686 0.023324
v 0.046297 -0.676562 0.024955
v 0.045747 -0.671786 0.017996
v -0.005263 -0.668215 0.044746
v 0.008762 -0.670704 0.048139
v 0.006381 -0.669249 0.039568
v -0.001339 -0.670931 0.040633
v -0.004145 -0.663879 0.052304
v 0.005737 -0.662267 0.052585
# 274 vertices

vn -0.857367 0.514702 0.001995
vn -0.844393 0.519581 -0.130523
vn -0.834075 0.551649 0.001941
vn -0.843776 0.519581 0.134451
vn -0.162926 0.003926 -0.986630
vn -0.161460 0.043147 -0.985936
vn -0.006655 -0.006170 -0.999959
vn -0.838937 0.477807 -0.260548
vn -0.837715 0.477807 0.264449
vn -0.158333 0.003926 0.987378
vn -0.002001 -0.006170 0.999979
vn -0.156748 0.043219 0.986693
vn 0.316453 0.897197 0.308050
vn 0.278981 0.910092 0.306433
vn 0.217081 0.934440 0.282308
vn 0.241070 0.921556 0.304335
vn 0.186950 0.950841 0.246881
vn 0.496403 0.654342 0.570457
vn 0.374578 0.850913 0.368292
vn 0.734138 0.603293 0.311576
vn 0.841327 0.519122 0.150604
vn 0.608325 0.609971 0.507815
vn 0.507322 0.766931 0.392991
vn 0.697071 0.575554 0.427587
vn 0.665569 0.589637 0.457543
vn 0.775810 0.546182 0.315919
vn 0.571710 0.650765 0.499653
vn 0.612604 0.607816 0.505248
vn 0.625147 0.602904 0.495679
vn 0.126865 0.959142 0.252886
vn 0.589593 0.618740 0.519172
vn 0.158141 0.645119 0.747538
vn 0.318022 0.659509 0.681109
vn 0.666182 0.576925 0.472610
vn 0.633731 0.597951 0.490754
vn 0.580371 0.610300 0.539170
vn 0.587760 0.614146 0.526652
vn 0.133463 0.923811 0.358832
vn 0.031756 0.983872 0.176035
vn 0.112882 0.968709 0.221046
vn 0.228469 0.894918 0.383306
vn 0.233842 0.912883 0.334609
vn 0.697473 0.307691 0.647192
vn 0.688695 0.224040 0.689569
vn 0.728180 0.289582 0.621206
vn 0.935555 0.094562 -0.340286
vn 0.533112 0.020789 -0.845789
vn 0.827951 0.072574 -0.556085
vn 0.613043 0.412710 0.673683
vn 0.354734 0.274737 0.893691
vn 0.506912 0.263478 0.820743
vn 0.694525 0.584950 0.418888
vn 0.699731 0.566741 0.434949
vn 0.592903 0.554476 0.583971
vn -0.002295 -0.196950 -0.980411
vn 0.388321 -0.193053 -0.901076
vn 0.181443 -0.105837 -0.977690
vn -0.002327 -0.108929 -0.994047
vn 0.493176 -0.098607 -0.864323
vn -0.499080 -0.099296 -0.860848
vn -0.494019 -0.189701 -0.848504
vn -0.186022 -0.105989 -0.976812
vn -0.754358 -0.082179 -0.651299
vn -0.745135 -0.081965 -0.661857
vn -0.738019 -0.164053 -0.654534
vn -0.900756 -0.089804 -0.424940
vn -0.890720 -0.173240 -0.420246
vn -0.735405 -0.083276 -0.672491
vn -0.986699 -0.087037 -0.137292
vn -0.996138 -0.087766 0.002467
vn -0.986274 -0.165102 0.002405
vn -0.900005 -0.088842 0.426730
vn -0.928167 -0.171388 0.330352
vn -0.986013 -0.086953 0.142188
vn -0.939605 0.067449 -0.335549
vn 0.506318 0.734382 0.452024
vn 0.566924 0.398734 0.720839
vn -0.140312 0.321344 0.936510
vn -0.615759 0.208838 0.759755
vn -0.666523 0.307090 0.679296
vn -0.123269 0.589314 0.798445
vn -0.356287 0.543272 0.760207
vn -0.693035 0.220303 0.686418
vn -0.191761 0.290265 0.937536
vn -0.098314 0.038166 0.994423
vn -0.560801 0.087790 0.823283
vn 0.825268 0.564674 -0.008651
vn 0.965185 0.214721 -0.149377
vn 0.611742 0.604018 0.510817
vn 0.665151 0.634668 0.393408
vn 0.757851 0.409582 0.507843
vn -0.948275 0.296244 -0.114079
vn -0.826675 0.209239 0.522329
vn -0.997585 0.068673 -0.010381
vn 0.412513 0.239491 0.878907
vn -0.809829 0.233197 -0.538327
vn -0.950903 0.079631 -0.299070
vn 0.122930 0.054817 -0.990900
vn 0.070171 0.063729 -0.995497
vn 0.022166 0.020694 -0.999540
vn 0.153799 0.026885 -0.987736
vn 0.944259 0.328391 -0.023136
vn 0.952996 0.247199 -0.175187
vn 0.954197 0.054732 -0.294129
vn 0.990841 0.035588 -0.130258
vn 0.421025 0.280450 0.862604
vn 0.591806 0.088141 0.801247
vn 0.178638 0.587856 0.788996
vn 0.208421 0.317928 0.924923
vn 0.511553 0.725195 0.460875
vn 0.680582 0.684165 0.262159
vn 0.306846 0.715649 0.627448
vn 0.974720 0.196818 -0.105755
vn 0.905454 -0.008043 0.424368
vn 0.997620 0.053043 -0.044064
vn 0.998097 -0.057124 -0.023231
vn 0.901452 -0.090603 0.423290
vn 0.779388 -0.051818 -0.624395
vn 0.180961 -0.009164 -0.983448
vn 0.891328 -0.172310 0.419336
vn 0.737885 -0.165438 0.654336
vn 0.743139 -0.077878 0.664589
vn 0.179892 0.022431 -0.983431
vn -0.735075 -0.165434 0.657492
vn -0.698671 -0.047386 0.713872
vn -0.036332 0.052867 -0.997940
vn -0.074644 0.055724 -0.995652
vn -0.839286 0.040396 0.542188
vn 0.986183 -0.165642 -0.002287
vn 0.194278 0.848093 0.492945
vn 0.310632 0.879580 0.360344
vn 0.112100 0.012108 0.993623
vn 0.469404 0.271189 0.840307
vn 0.001216 0.999995 -0.002863
vn 0.025685 0.999305 -0.027025
vn 0.025863 0.999301 -0.026991
vn 0.002794 0.999995 -0.001452
vn 0.734812 -0.165439 -0.657786
vn 0.889362 -0.172318 -0.423487
vn 0.917406 -0.021965 -0.397347
vn 0.741950 -0.024601 -0.670004
vn 0.739985 -0.025816 -0.672128
vn 0.406721 -0.022380 -0.913278
vn 0.430923 -0.018179 -0.902205
vn 0.928644 -0.022429 -0.370293
vn 0.937619 -0.023963 -0.346837
vn -0.002307 0.130314 -0.991470
vn -0.447013 0.125373 -0.885698
vn -0.414461 0.082084 -0.906358
vn -0.002319 0.083128 -0.996536
vn -0.442886 0.125373 0.887769
vn 0.002307 0.130314 0.991470
vn 0.002319 0.083128 0.996536
vn -0.410238 0.082084 0.908277
vn -0.549804 0.050912 -0.833741
vn -0.314917 -0.008237 -0.949083
vn -0.926495 -0.047033 -0.373356
vn -0.678811 0.038379 -0.733309
vn -0.942050 -0.335465 0.002192
vn -0.939031 -0.334322 -0.080306
vn -0.924748 -0.047033 0.377664
vn -0.996435 -0.084333 0.002319
vn -0.545918 0.050912 0.836290
vn -0.675391 0.038379 0.736461
vn 0.739778 0.118548 0.662325
vn 0.920088 0.117212 0.373763
vn 0.935135 0.076452 0.345945
vn 0.740986 0.079657 0.666780
vn -0.947925 -0.318487 0.002206
vn -0.929676 -0.312201 -0.195530
vn -0.310497 -0.008237 0.950539
vn 0.009497 0.013071 -0.999869
vn 0.997155 0.075335 -0.002481
vn 0.999998 0.001774 -0.000291
vn 0.947295 0.002030 0.320355
vn -0.938647 -0.334322 0.084675
vn -0.423525 0.047083 0.904660
vn -0.966909 -0.164670 -0.194861
vn -0.985790 -0.167965 0.002294
vn -0.740375 0.002795 0.672188
vn -0.951626 0.005413 0.307211
vn -0.999965 0.008048 0.002327
vn -0.427730 0.047083 -0.902679
vn -0.953045 0.005413 -0.302779
vn -0.743495 0.002795 -0.668735
vn -0.965992 -0.164670 0.199359
vn -0.928756 -0.312202 0.199855
vn -0.746518 -0.024629 -0.664910
vn -0.744888 -0.025605 -0.666698
vn -0.939716 -0.023273 -0.341162
vn -0.930741 -0.022164 -0.365006
vn -0.999782 -0.020729 0.002327
vn -0.999828 -0.018388 0.002327
vn -0.743412 -0.024629 0.668380
vn -0.929032 -0.022165 0.369335
vn -0.938118 -0.023273 0.345533
vn -0.741776 -0.025605 0.670159
vn -0.343388 0.098508 -0.934013
vn 0.058236 0.170833 -0.983578
vn -0.387378 0.002718 -0.921917
vn -0.002327 0.002584 -0.999994
vn 0.736283 0.138220 -0.662407
vn 0.510690 0.183111 -0.840039
vn 0.442886 0.125373 -0.887769
vn 0.737408 0.118334 -0.665001
vn 0.737984 0.079825 -0.670080
vn 0.410238 0.082084 -0.908277
vn 0.383083 0.002718 -0.923710
vn 0.738251 0.002842 -0.674520
vn -0.002327 -0.018918 -0.999818
vn -0.002327 -0.011992 -0.999925
vn -0.436150 -0.018474 -0.899684
vn -0.411482 -0.022528 -0.911140
vn 0.918492 0.116742 -0.377814
vn 0.882118 0.174605 -0.437472
vn 0.993060 0.117567 -0.003093
vn 0.980083 0.198574 -0.002281
vn 0.945658 0.002361 -0.325156
vn 0.933485 0.076777 -0.350301
vn 0.739358 0.138220 0.658973
vn 0.884144 0.174604 0.433361
vn 0.743029 0.002668 0.669254
vn 0.447013 0.125373 0.885698
vn 0.414461 0.082084 0.906358
vn 0.747117 -0.024635 0.664235
vn 0.745192 -0.025608 0.666358
vn 0.939543 -0.023322 0.341635
vn 0.930903 -0.022053 0.364599
vn 0.999776 -0.021147 -0.000907
vn 0.999828 -0.018388 -0.002327
vn 0.514507 0.183175 0.837693
vn 0.062806 0.170941 0.983278
vn 0.387378 0.002718 0.921917
vn 0.002327 0.002584 0.999994
vn -0.338950 0.098565 0.935627
vn -0.383083 0.002718 0.923710
vn -0.407236 -0.022527 0.913045
vn -0.431956 -0.018474 0.901705
vn 0.002327 -0.018918 0.999818
vn 0.002327 -0.011992 0.999925
vn 0.436566 -0.018593 0.899480
vn 0.411689 -0.022587 0.911045
vn 0.717686 0.353526 0.599955
vn 0.881513 0.472157 -0.001582
vn 0.345038 0.373837 0.860926
vn 0.684365 0.582884 0.438054
vn 0.715282 0.353497 -0.602836
vn 0.341590 0.373888 -0.862278
vn 0.683345 0.582965 -0.439535
vn -0.032404 0.980872 -0.191940
vn -0.031378 0.999506 0.001857
vn -0.029163 0.980253 0.195583
vn 0.014150 0.013071 0.999814
vn 0.002346 -0.197039 0.980393
vn -0.489245 -0.189271 0.851361
vn -0.463037 -0.019097 0.886133
vn -0.025564 -0.070974 0.997151
vn 0.493102 -0.189240 0.849140
vn 0.495282 -0.098099 0.863176
vn -0.868630 0.292838 0.399659
vn -0.650674 0.098595 0.752929
vn -0.810057 0.094624 0.578665
vn -0.789177 0.613031 -0.037319
vn -0.911231 0.371424 0.178053
vn 0.030100 0.998924 -0.035277
vn -0.020306 0.999612 0.019069
vn -0.016600 0.999683 0.018951
vn 0.002518 0.999997 0.000017
vn 0.000665 1.000000 0.000076
vn 0.545041 0.184174 0.817930
vn -0.577088 0.660030 0.480967
vn 0.002033 0.049932 -0.998751
vn 0.318820 0.374295 0.870779
vn 0.658568 0.715915 0.231849
vn 0.583170 0.762606 0.279903
vn -0.041590 0.998917 0.020880
vn 0.026042 0.999297 -0.026957
vn -0.580166 0.792651 -0.187384
vn -0.828196 0.065461 -0.556603
vn -0.780461 0.021943 -0.624820
vn -0.538974 0.030129 -0.841783
vn 0.922105 0.306592 -0.236058
vn 0.813011 0.501458 -0.295896
vn 0.803837 0.588558 0.086284
vn -0.873174 0.026463 -0.486689
vn -0.987551 0.009158 -0.157034
vn -0.990726 -0.004809 -0.135790
vn -0.905557 -0.001856 -0.424220
vn -0.746620 0.000041 -0.665250
vn -0.686517 0.023921 -0.726720
vn -0.738466 0.000554 -0.674291
vn -0.746887 0.000365 -0.664951
vn 0.510660 0.673888 0.533950
vn 0.618142 0.385096 0.685274
vn -0.924250 0.085374 0.372119
vn 0.164368 0.779916 -0.603916
vn -0.055936 0.998194 0.021897
vn -0.092954 0.995196 0.030717
vn 0.636096 0.743025 0.208077
vn -0.566384 0.002989 0.824136
vn -0.755185 0.000998 -0.655511
vn -0.497948 -0.003464 -0.867200
vn 0.387134 0.345414 0.854878
vn 0.890299 0.072312 -0.449599
vn -0.662974 0.059122 0.746304
vn -0.999983 -0.005286 0.002548
vn -0.990021 -0.004784 0.140835
vn -0.002320 -0.010702 -0.999940
vn -0.185524 -0.009341 -0.982595
vn 0.923518 0.124062 -0.362938
vn -0.896482 0.006480 0.443032
vn 0.402413 0.002524 0.915455
vn 0.742597 0.010290 0.669659
vn -0.999132 0.014780 0.038954
vn -0.984468 0.027086 0.173460
vn -0.210497 0.015446 -0.977473
vn -0.914332 0.033210 0.403602
vn -0.689953 0.032204 0.723138
vn 0.967226 0.083098 -0.239934
vn 0.974167 0.075895 -0.212692
vn 0.959471 0.090230 -0.266973
vn -0.208885 0.028795 -0.977516
vn -0.304827 0.027064 -0.952023
vn 0.352386 0.932588 0.078120
vn 0.408920 0.908721 0.083729
vn 0.252879 0.865909 0.431571
vn 0.084678 0.771736 -0.630281
vn 0.378210 0.825438 -0.419057
vn 0.933542 0.327047 0.146762
vn -0.376197 0.522632 0.765070
vn -0.253258 0.048451 -0.966185
vn 0.096988 0.606545 0.789111
vn 0.368845 0.462396 -0.806314
vn 0.597855 -0.646543 0.473869
vn 0.745499 -0.586482 0.316656
vn -0.774429 0.527239 0.349684
vn -0.587183 0.363274 -0.723359
vn 0.420245 -0.674197 0.607332
vn 0.953763 0.142811 -0.264466
vn 0.908839 0.131134 -0.395999
vn 0.846234 0.116905 -0.519828
vn 0.373554 0.057990 0.925794
vn 0.478125 0.042173 0.877279
vn 0.263925 0.073022 0.961775
vn -0.977256 0.054798 0.204862
vn -0.952727 0.063908 0.297032
vn -0.110884 0.030243 -0.993373
vn -0.992814 0.045185 0.110811
vn -0.979926 0.028560 -0.197303
vn -0.508846 0.013716 0.860748
vn -0.408836 0.000135 0.912608
vn -0.303562 -0.013449 0.952717
vn 0.765196 0.113016 0.633800
vn 0.841097 0.124282 0.526413
vn -0.568544 0.071196 -0.819566
vn 0.128644 0.096365 -0.986998
vn 0.986240 0.139606 0.088545
vn 0.961336 0.130429 -0.242533
vn 0.175335 0.045746 -0.983445
# 359 normals

# 0 texture coordinate

o Left_Arm
usemtl default
f 636/33/654 578/32/657 653/39/659 598/39/653 657/15/661 579/15/662 638/39/664 637/9/655
f 781/69/665 782/39/667 788/71/669 787/72/668 738/68/666
f 788/71/669 782/70/667 783/75/672 692/74/671 789/73/670
f 735/79/674 737/80/677 784/77/678 588/77/673 721/77/676 719/78/675
f 756/82/679 556/77/680 801/77/681 737/77/677 735/79/674
f 771/86/684 778/87/686 729/88/687 731/85/683 715/78/682 713/85/685
f 729/88/687 777/85/688 795/85/689 756/85/679 731/79/683
f 640/91/690 741/93/694 705/94/693 703/92/692 755/46/691
f 705/94/695 741/93/697 742/32/699 764/32/698 706/95/698
f 644/96/701 749/98/704 642/93/705 697/100/706 696/97/703 726/40/702
f 679/46/710 800/101/709 678/32/711 667/46/708 674/46/707
f 680/40/712 794/46/714 679/46/710 674/46/707 665/40/713
f 681/68/716 785/72/715 680/40/712 665/40/713 666/31/717
f 682/32/718 779/40/720 681/68/716 666/31/717 672/32/719
f 683/46/722 776/103/721 682/32/718 672/32/719 668/46/723
f 684/40/724 770/32/726 683/46/722 668/46/723 663/40/725
f 704/105/727 554/106/727 714/107/727 805/95/727
f 719/78/675 721/77/676 697/100/706 704/105/728
f 789/73/670 795/90/689 777/89/688 724/108/729
f 552/110/733 714/107/732 740/32/731 730/109/730
f 771/86/684 796/111/736 711/78/735 778/87/734
f 692/74/671 756/82/679 795/90/689 789/73/670
f 730/109/730 740/32/731 699/112/738 751/46/737
f 766/113/740 588/76/673 784/81/678 723/78/739
f 724/108/729 777/89/688 729/88/687 790/114/741
f 756/82/679 692/74/671 783/75/672 556/83/680
f 801/84/681 710/115/743 772/116/742 737/80/677
f 723/78/739 784/81/678 737/80/677 772/116/742
f 707/92/746 711/78/735 820/78/745 819/92/744
f 713/85/685 712/117/747 796/111/736 771/86/684
f 765/46/749 707/92/746 819/92/744 823/46/748
f 798/101/753 765/46/752 823/46/751 758/101/750
f 790/114/757 791/118/756 709/118/755 725/114/754
f 724/108/729 790/114/741 725/114/759 762/119/758
f 720/40/761 698/97/760 552/110/733 730/109/730
f 732/121/763 731/79/683 756/82/679 733/120/762
f 734/122/764 733/120/762 756/82/679 735/79/674
f 722/119/765 721/77/676 588/76/673 766/113/740
f 713/85/685 705/94/695 706/95/696 712/117/747
f 690/32/769 691/46/768 755/46/767 754/32/766
f 677/93/770 678/32/711 742/32/699 741/93/700
f 678/32/711 800/101/709 799/101/771 742/32/699
f 690/32/769 689/123/774 671/31/773 669/32/772
f 742/32/699 799/101/771 798/101/753 764/32/775
f 685/98/777 684/40/724 663/40/725 676/98/776
f 695/92/778 727/46/779 802/46/779 767/92/778
f 699/112/738 740/32/731 714/107/732 554/106/780
f 691/46/768 690/32/769 669/32/772 664/46/781
f 792/102/782 791/118/783 707/92/783 765/46/782
f 796/111/736 712/117/747 821/117/785 763/111/784
f 717/124/789 716/117/788 732/121/787 733/120/786
f 677/93/770 660/40/792 675/40/791 662/31/790
f 673/32/796 612/33/795 586/34/794 676/98/793
f 622/39/798 663/40/797 676/98/793 586/34/794
f 609/45/802 608/16/801 658/126/800 655/125/799
f 626/25/806 625/45/805 652/125/804 573/127/803
f 581/24/810 602/25/809 656/127/808 650/128/807
f 601/45/814 600/16/813 562/126/812 648/125/811
f 576/24/816 626/25/806 573/127/803 651/128/815
f 593/24/820 599/25/819 583/127/818 617/128/817
f 648/125/811 562/126/812 560/126/822 567/125/821
f 600/16/813 576/17/816 651/129/815 562/126/823
f 578/26/657 656/127/808 649/127/824 653/26/659
f 619/5/827 595/12/826 566/45/825 599/25/819
f 602/25/809 601/45/814 648/125/811 656/127/828
f 579/15/662 562/126/823 651/129/815 551/14/829
f 598/44/831 567/125/821 560/126/822 657/15/830
f 600/16/813 607/60/833 559/61/832 576/17/816
f 601/45/814 558/12/834 607/60/833 600/16/813
f 650/128/807 656/127/808 578/26/657 553/23/835
f 561/62/837 603/5/836 602/25/809 581/24/810
f 649/127/839 567/125/821 598/44/831 653/26/838
f 603/5/836 558/12/834 601/45/814 602/25/809
f 669/32/843 604/33/842 580/34/841 671/31/840
f 664/46/845 605/9/844 604/33/842 669/32/843
f 604/33/842 603/5/836 561/62/837 580/34/841
f 605/9/844 558/12/834 603/5/836 604/33/842
f 577/38/849 606/39/848 675/40/847 662/93/846
f 559/61/832 607/60/833 606/39/848 577/38/849
f 606/39/848 605/9/844 664/46/845 675/40/847
f 607/60/833 558/12/834 605/9/844 606/39/848
f 585/15/850 658/126/800 650/129/807 553/14/835
f 564/44/851 655/125/799 658/126/800 585/15/850
f 608/16/801 615/60/852 561/61/837 581/17/810
f 609/45/802 563/12/853 615/60/852 608/16/801
f 654/128/857 594/127/856 584/26/855 555/23/854
f 565/62/861 611/5/860 610/25/859 587/24/858
f 594/127/856 655/125/799 564/44/851 584/26/855
f 611/5/860 563/12/853 609/45/802 610/25/859
f 670/46/863 613/9/862 612/33/795 673/32/796
f 612/33/795 611/5/860 565/62/861 586/34/794
f 613/9/862 563/12/853 611/5/860 612/33/795
f 580/38/841 614/39/865 661/40/864 671/123/840
f 561/61/837 615/60/852 614/39/865 580/38/841
f 614/39/865 613/9/862 670/46/863 661/40/864
f 615/60/852 563/12/853 613/9/862 614/39/865
f 591/15/867 570/126/866 654/129/857 555/14/854
f 568/44/869 582/125/868 570/126/866 591/15/867
f 616/16/871 623/60/870 565/61/861 587/17/858
f 566/45/825 595/12/826 623/60/870 616/16/871
f 617/128/817 583/127/818 590/26/873 557/23/872
f 569/62/874 619/5/827 599/25/819 593/24/820
f 583/127/818 582/125/868 568/44/869 590/26/873
f 625/45/805 624/16/876 618/126/875 652/125/804
f 672/32/880 620/33/879 592/34/878 666/31/877
f 668/46/882 621/9/881 620/33/879 672/32/880
f 620/33/879 619/5/827 569/62/874 592/34/878
f 621/9/881 595/12/826 619/5/827 620/33/879
f 565/61/861 623/60/870 622/39/798 586/38/794
f 622/39/798 621/9/881 668/46/882 663/40/797
f 623/60/870 595/12/826 621/9/881 622/39/798
f 597/15/883 618/126/875 617/129/817 557/14/872
f 572/44/884 652/125/804 618/126/875 597/15/883
f 624/16/876 631/60/885 569/61/874 593/17/820
f 625/45/805 571/12/886 631/60/885 624/16/876
f 651/128/815 573/127/803 596/26/887 551/23/829
f 559/62/832 627/5/888 626/25/806 576/24/816
f 573/127/803 652/125/804 572/44/884 596/26/887
f 627/5/888 571/12/886 625/45/805 626/25/806
f 667/32/890 628/33/889 577/34/849 662/31/846
f 674/46/892 629/9/891 628/33/889 667/32/890
f 628/33/889 627/5/888 559/62/832 577/34/849
f 629/9/891 571/12/886 627/5/888 628/33/889
f 592/38/878 630/39/894 665/40/893 666/68/877
f 569/61/874 631/60/885 630/39/894 592/38/878
f 630/39/894 629/9/891 674/46/892 665/40/893
f 631/60/885 571/12/886 629/9/891 630/39/894
f 590/15/873 632/16/895 597/17/883 557/14/872
f 568/44/869 633/45/896 632/16/895 590/15/873
f 632/16/895 639/60/897 572/61/884 597/17/883
f 633/45/896 574/12/898 639/60/897 632/16/895
f 584/24/855 634/25/899 591/26/867 555/23/854
f 564/62/851 635/5/900 634/25/899 584/24/855
f 634/25/899 633/45/896 568/44/869 591/26/867
f 635/5/900 574/12/901 633/45/896 634/25/899
f 578/32/657 636/33/658 585/34/850 553/31/835
f 636/33/658 635/5/900 564/62/851 585/34/850
f 637/9/903 574/12/903 635/5/902 636/33/902
f 596/38/887 638/39/664 579/40/662 551/37/829
f 572/61/884 639/60/897 638/39/664 596/38/887
f 656/127/828 648/125/811 567/125/821 649/127/839
f 639/60/904 574/12/903 637/9/903 638/39/904
f 616/16/871 587/17/858 654/129/857 570/126/866
f 608/16/801 581/17/810 650/129/807 658/126/800
f 599/25/819 566/45/825 582/125/868 583/127/818
f 566/45/825 616/16/871 570/126/866 582/125/868
f 562/126/823 579/15/662 657/15/663 560/126/905
f 587/24/858 610/25/859 594/127/856 654/128/857
f 610/25/859 609/45/802 655/125/799 594/127/856
f 624/16/876 593/17/820 617/129/817 618/126/875
f 678/32/711 677/93/770 662/31/790 667/32/708
f 660/40/792 691/46/768 664/46/781 675/40/791
f 687/46/909 686/32/908 673/32/907 670/46/906
f 689/123/774 688/40/911 661/40/910 671/31/773
f 688/40/911 687/46/909 670/46/906 661/40/910
f 686/32/908 685/98/777 676/98/776 673/32/907
f 788/71/914 789/73/913 757/73/913 760/71/912
f 759/72/916 760/71/912 708/97/915 761/40/915
f 716/117/788 715/78/682 731/79/917 732/121/787
f 753/123/921 701/130/920 700/97/919 752/40/918
f 697/100/706 721/77/676 722/119/922 696/97/703
f 575/32/923 645/103/923 589/131/923 694/95/923
f 723/78/924 695/92/778 767/92/778 803/78/924
f 789/73/670 724/108/729 762/119/758 757/73/925
f 697/100/706 642/99/705 554/106/926 704/105/728
f 710/115/743 801/84/681 556/83/680 783/75/672
f 790/114/741 729/88/687 778/87/686 711/78/927
f 717/124/789 718/119/928 700/97/919 701/130/920
f 753/123/921 754/32/929 702/95/929 701/130/920
f 754/32/929 755/46/691 703/92/692 702/95/929
f 713/85/685 715/78/682 703/92/692 705/94/693
f 736/78/930 805/95/930 714/107/930 552/110/930
f 739/40/933 787/72/932 759/72/931 761/40/931
f 822/32/934 758/101/935 797/132/935 818/95/934
f 762/119/936 725/114/754 709/118/755 708/97/936
f 746/32/940 775/103/939 774/103/938 728/32/937
f 745/68/944 780/69/943 781/69/942 738/68/941
f 818/95/946 797/132/945 763/111/945 821/117/785
f 787/72/947 788/71/914 760/71/912 759/72/916
f 750/119/948 736/78/948 552/110/948 698/97/948
f 702/95/929 703/92/692 715/78/682 716/117/788
f 701/130/920 702/95/929 716/117/788 717/124/789
f 733/120/786 734/122/949 718/119/928 717/124/789
f 734/122/949 735/79/950 719/78/950 718/119/928
f 749/98/704 699/112/951 554/106/926 642/99/705
f 711/78/735 796/111/736 763/111/952 820/78/745
f 744/40/954 786/72/953 787/72/932 739/40/933
f 694/95/955 589/131/955 647/116/955 646/117/955
f 791/118/756 792/102/956 693/102/956 709/118/755
f 699/112/738 749/98/957 685/98/777 686/32/908
f 683/46/722 770/104/726 769/104/959 747/46/958
f 687/46/909 751/46/737 699/112/738 686/32/908
f 679/46/710 794/102/714 793/102/961 743/46/960
f 640/91/962 660/40/792 677/93/770 741/93/700
f 684/40/724 685/98/777 749/98/957 748/40/963
f 755/46/767 691/46/768 660/40/792 640/91/962
f 680/40/712 785/72/715 786/72/953 744/40/954
f 687/46/909 688/40/911 752/40/964 751/46/737
f 688/40/911 689/123/774 753/123/965 752/40/964
f 681/68/716 779/69/720 780/69/943 745/68/944
f 682/32/718 776/103/721 775/103/939 746/32/940
f 689/123/774 690/32/769 754/32/766 753/123/965
f 747/46/958 769/104/959 768/104/967 727/46/966
f 743/46/960 793/102/961 792/102/968 765/46/752
f 748/40/963 749/98/957 644/96/970 726/40/969
f 766/113/740 723/78/739 803/78/972 804/113/971
f 722/119/765 766/113/740 804/113/971 806/119/973
f 748/40/963 726/40/969 768/104/967 769/104/959
f 684/40/724 748/40/963 769/104/959 770/104/726
f 719/78/974 704/105/975 805/95/975 736/78/974
f 695/92/976 723/78/739 772/116/742 773/131/976
f 727/46/977 695/92/976 773/131/976 774/103/977
f 747/46/958 727/46/966 774/103/938 775/103/939
f 683/46/722 747/46/958 775/103/939 776/103/721
f 808/32/978 806/103/978 804/131/978 641/95/978
f 641/95/979 804/131/979 803/116/979 767/117/979
f 682/32/718 746/32/940 780/69/943 779/69/720
f 746/32/940 728/32/937 781/69/942 780/69/943
f 575/32/980 694/95/980 643/70/980 550/69/980
f 694/95/981 646/117/981 659/75/981 643/70/981
f 808/32/982 641/95/982 809/70/982 807/69/982
f 681/68/716 745/68/944 786/72/953 785/72/715
f 745/68/944 738/68/941 787/72/932 786/72/953
f 792/102/968 739/40/933 761/40/983 693/102/983
f 762/119/758 708/97/984 760/71/984 757/73/925
f 711/78/927 707/92/783 791/118/783 790/114/741
f 761/40/985 708/97/985 709/118/985 693/102/985
f 744/40/954 739/40/933 792/102/968 793/102/961
f 680/40/712 744/40/954 793/102/961 794/102/714
f 641/95/986 809/95/987 802/46/986
f 819/92/744 820/78/745 763/111/988 797/132/988
f 823/46/748 819/92/744 797/132/989 758/101/989
f 743/46/960 765/46/752 798/101/753 799/101/771
f 679/46/710 743/46/960 799/101/771 800/101/709
f 641/95/986 802/46/986 767/92/990
f 752/40/991 700/97/992 698/97/992 720/40/991
f 700/97/992 718/119/993 750/119/993 698/97/992
f 696/97/703 722/119/922 806/119/995 808/97/994
f 726/40/702 696/97/703 808/97/994 807/40/996
f 768/104/967 726/40/969 807/40/998 809/104/997
f 718/119/999 719/78/974 736/78/974 750/119/999
f 727/46/966 768/104/967 809/104/997 802/46/1000
f 751/46/737 752/40/964 720/40/761 730/109/730
f 728/32/937 774/103/938 814/103/1001 811/32/1001
f 774/103/1002 773/131/1003 813/131/1003 814/103/1002
f 773/131/1003 772/116/1004 812/116/1004 813/131/1003
f 772/116/742 710/115/743 810/117/1006 812/116/1005
f 781/69/942 728/32/937 811/32/1007 815/69/1007
f 782/70/1008 781/69/1008 815/69/1008 816/70/1008
f 710/115/743 783/75/672 817/75/1009 810/117/1006
f 783/75/672 782/70/1010 816/70/1010 817/75/1009
f 706/95/698 764/32/698 822/32/934 818/95/934
f 764/32/775 798/101/753 758/101/750 822/32/1011
f 712/117/747 706/95/696 818/95/946 821/117/785

v 0.048389 -0.831329 0.020138
v 0.052337 -0.166098 0.012603
v 0.059486 -0.832288 -0.110763
v -0.038677 -0.166098 0.023363
v 0.022963 -0.832652 -0.144752
v -0.025804 -0.166098 0.132248
v -0.032983 -0.831329 0.029622
v 0.065210 -0.166098 0.121489
v 0.004451 -0.572943 -0.002142
v 0.052450 -0.572943 0.012431
v 0.004074 -0.083375 -0.005337
v -0.038826 -0.572943 0.023222
v 0.005145 -0.829953 0.003727
v -0.049062 -0.572943 0.079794
v -0.051073 -0.169338 0.104196
v -0.025917 -0.572943 0.132420
v -0.074636 -0.831975 -0.059849
v 0.022082 -0.572943 0.146993
v 0.021396 -0.109908 0.141190
v 0.065358 -0.572943 0.121630
v -0.061832 -0.832305 -0.114476
v 0.075595 -0.572943 0.065057
v 0.064032 -0.122195 0.066424
v 0.047830 -0.831329 0.133267
v -0.035255 -0.035921 0.078162
v 0.044604 -0.064671 0.068721
v 0.050958 -0.251159 0.014715
v -0.047175 -0.799179 -0.136561
v -0.021297 -0.128476 0.011585
v 0.032691 -0.128476 0.005202
v -0.050153 -0.722921 0.046392
v -0.036844 -0.251159 0.025095
v 0.032457 -0.831329 0.005297
v -0.021049 -0.831329 0.011622
v -0.037363 -0.172302 0.135321
v -0.053136 -0.172302 0.071694
v -0.007057 -0.733899 0.139611
v -0.024426 -0.251159 0.130137
v -0.044007 -0.831329 0.046504
v 0.067901 -0.831975 -0.076700
v 0.047830 -0.128476 0.133267
v -0.006157 -0.128476 0.139649
v -0.012673 -0.797891 -0.146992
v 0.063376 -0.251159 0.119757
v 0.042844 -0.832305 -0.126711
v -0.074395 -0.832288 -0.094938
v 0.062970 -0.128476 0.033804
v 0.070607 -0.128476 0.098393
v 0.070607 -0.831329 0.098393
v 0.062917 -0.831329 0.033863
v 0.029271 -0.242797 0.002614
v 0.004771 -0.234436 0.000571
v -0.018575 -0.242797 0.008270
v -0.019839 -0.572943 0.005810
v -0.039556 -0.718780 0.019242
v 0.059567 -0.798815 -0.110852
v -0.074495 -0.798815 -0.095005
v 0.029926 -0.572943 -0.000073
v -0.046107 -0.242797 0.050425
v -0.046796 -0.234436 0.079526
v -0.039339 -0.242797 0.107665
v -0.041356 -0.572943 0.109067
v -0.026514 -0.729758 0.125384
v -0.043163 -0.733899 0.105506
v -0.050576 -0.726920 0.080258
v -0.048393 -0.572943 0.049531
v -0.002737 -0.242797 0.142237
v 0.021761 -0.234436 0.144281
v 0.045108 -0.242797 0.136580
v 0.046372 -0.572943 0.139041
v -0.061923 -0.798832 -0.114554
v 0.042914 -0.798832 -0.126808
v 0.021437 -0.737222 0.141538
v -0.003393 -0.572943 0.144924
v 0.072639 -0.242797 0.094427
v 0.073328 -0.234436 0.065325
v 0.065871 -0.242797 0.037187
v 0.067888 -0.572943 0.035784
v 0.023313 -0.799179 -0.144894
v 0.067928 -0.798501 -0.076785
v -0.074681 -0.798501 -0.059926
v 0.074926 -0.572943 0.095320
v 0.049375 -0.059300 0.127702
v -0.030823 -0.038911 0.115653
v -0.068372 -0.003537 0.117458
v -0.077174 0.000000 0.083118
v -0.076622 -0.003537 0.047672
v -0.039688 -0.038815 0.040671
v 0.035673 -0.059300 0.011801
v 0.048696 -0.733899 0.133020
v 0.064565 -0.729758 0.114241
v 0.075855 -0.733899 0.091436
v 0.077175 -0.726920 0.065155
v 0.068865 -0.722921 0.032322
v 0.052326 -0.718780 0.008620
v 0.032065 -0.722921 -0.007654
v 0.003688 -0.726244 -0.008589
v -0.023691 -0.722921 -0.001090
v 0.059320 -0.831329 0.115674
v -0.020838 -0.831329 0.125782
v -0.044190 -0.831091 0.079259
v 0.021396 -0.829953 0.141190
v 0.070732 -0.831091 0.065673
v -0.046802 -0.832652 -0.136504
v -0.036438 -0.831329 0.111048
v -0.012661 -0.831380 -0.146891
v -0.006157 -0.831329 0.139649
# 107 vertices

vn 0.012479 -0.999907 0.005510
vn -0.001122 -0.999986 0.005147
vn -0.016854 -0.999847 -0.004679
vn 0.002412 -0.999990 -0.003636
vn -0.000155 -0.999985 0.005451
vn 0.021415 -0.999634 -0.016543
vn 0.009207 -0.999910 -0.009748
vn 0.052947 -0.997023 -0.056056
vn -0.003194 -0.999620 -0.027382
vn -0.064559 -0.997023 -0.042164
vn 0.000603 -0.999998 -0.001909
vn -0.002154 -0.999969 0.007603
vn -0.013587 -0.999822 0.013062
vn -0.031227 -0.999173 0.026040
vn 0.002378 -0.999796 0.020068
vn 0.036416 -0.999174 0.018047
vn 0.678457 0.029664 -0.734041
vn 0.380251 0.139807 -0.914256
vn 0.306123 -0.001524 -0.951991
vn 0.677013 0.000207 -0.735971
vn -0.125520 0.171050 -0.977234
vn -0.117402 -0.003297 -0.993079
vn 0.303654 0.025373 -0.952445
vn 0.692175 0.017369 -0.721520
vn -0.117232 0.027741 -0.992717
vn -0.828932 -0.048304 -0.557259
vn -0.826669 -0.002036 -0.562685
vn -0.519670 -0.001524 -0.854366
vn -0.590198 0.019447 -0.807024
vn -0.841140 0.017558 -0.540533
vn -0.516771 0.025540 -0.855743
vn -0.558805 0.756635 -0.339471
vn -0.271449 0.858388 -0.435300
vn -0.055129 0.882448 -0.467169
vn -0.850141 0.026855 -0.525870
vn -0.526487 0.042933 -0.849098
vn -0.117022 0.047103 -0.992012
vn 0.464858 0.756455 -0.460090
vn 0.163529 0.858275 -0.486438
vn 0.704600 0.026476 -0.709111
vn 0.315332 0.042601 -0.948025
vn -0.975823 -0.095483 -0.196605
vn -0.986656 -0.024844 -0.160911
vn -0.976392 -0.125171 0.176043
vn -0.987526 -0.055291 0.147432
vn -0.982397 0.010569 -0.186505
vn -0.992460 0.008105 0.122298
vn -0.409109 -0.040122 0.911603
vn -0.597631 -0.036206 0.800954
vn -0.865343 -0.070218 0.496238
vn -0.740144 -0.102402 0.664605
vn -0.680572 -0.005999 0.732657
vn -0.905153 0.002066 0.425080
vn -0.958590 -0.002988 -0.284774
vn -0.938827 0.264877 -0.220100
vn -0.993988 0.084685 0.069401
vn -0.994763 -0.024770 0.099165
vn -0.593420 -0.005709 -0.804873
vn -0.834813 -0.005204 -0.550509
vn -0.683193 -0.021139 0.729931
vn -0.887266 -0.022717 0.460699
vn -0.988509 0.043344 0.144813
vn -0.948179 0.269184 -0.168810
vn -0.157529 0.084767 0.983869
vn -0.272885 0.007862 0.962014
vn 0.089806 0.141149 0.985907
vn 0.117388 0.015563 0.992964
vn -0.304438 -0.010569 0.952474
vn 0.117394 -0.012192 0.993011
vn 0.830995 0.026480 0.555650
vn 0.829965 0.000207 0.557816
vn 0.489686 0.007862 0.871863
vn 0.484639 0.090747 0.869994
vn 0.833130 -0.005975 0.553045
vn 0.518530 -0.010627 0.854993
vn 0.990464 -0.024771 -0.135526
vn 0.982771 0.084683 -0.164289
vn 0.861581 0.265008 -0.432954
vn 0.865784 -0.002992 -0.500410
vn 0.389455 -0.005715 -0.921028
vn -0.117400 -0.003969 -0.993077
vn 0.835541 -0.021157 0.549020
vn 0.552357 -0.020612 0.833353
vn 0.117385 -0.017250 0.992937
vn -0.972602 -0.052168 0.226546
vn -0.341932 -0.020507 0.939501
vn 0.978562 0.122305 0.165707
vn 0.989432 0.014976 0.144225
vn 0.974535 0.192384 -0.115197
vn 0.992655 0.029393 -0.117352
vn 0.979402 0.002146 0.201907
vn 0.993619 0.008105 -0.112496
vn 0.928526 0.014976 -0.370966
vn 0.912713 0.124712 -0.389105
vn 0.911735 0.010531 -0.410644
vn 0.882541 0.269290 -0.385492
vn 0.995027 0.043343 -0.089680
vn 0.998617 -0.052169 -0.006491
vn 0.970436 -0.022633 0.240294
vn 0.683522 -0.005212 -0.729911
vn 0.833706 0.091938 0.544502
vn 0.061478 0.255136 0.964949
vn 0.047438 0.232690 0.971393
vn 0.937405 0.329174 -0.113649
vn 0.937746 0.329164 -0.110836
vn 0.293872 0.954452 -0.051582
vn 0.490246 0.869888 -0.054344
vn 0.489871 0.869906 -0.057360
vn 0.296207 0.954504 -0.034401
vn -0.058753 0.160900 0.985220
vn -0.975467 -0.133135 0.175327
vn -0.942145 -0.123240 0.311729
vn 0.664205 0.745552 -0.054622
vn 0.661417 0.745979 -0.077730
vn -0.845424 -0.016459 -0.533841
vn -0.129229 0.348579 -0.928328
vn 0.658271 0.746002 -0.100795
vn 0.489492 0.869915 -0.060375
vn 0.432587 0.295135 -0.851918
vn 0.938078 0.329152 -0.108021
vn 0.298454 0.954269 -0.017209
vn -0.001626 -0.999973 0.007215
vn 0.001374 -0.999978 0.006527
vn -0.020055 -0.999746 0.010320
vn 0.008701 -0.999943 0.006232
vn 0.000929 -0.999969 0.007865
vn 0.000185 -0.999978 0.006669
vn 0.003235 -0.999973 0.006642
vn -0.007019 -0.999943 0.008092
vn 0.021874 -0.999746 0.005365
vn -0.875493 -0.042491 0.481360
vn -0.684721 -0.022268 0.728465
vn -0.367270 -0.011171 0.930048
vn 0.117402 -0.001931 0.993083
vn 0.574799 -0.011258 0.818217
vn 0.836712 -0.022351 0.547186
vn 0.963833 -0.042485 0.263100
# 137 normals

vt 0.700194 0.151357 0.000000
vt 0.881832 0.219719 0.000000
vt 0.500000 0.126454 0.000000
vt 0.118168 0.219719 0.000000
vt 0.299806 0.151357 0.000000
vt 0.494106 0.062500 0.000000
vt 0.318786 0.164051 0.000000
# 7 texture coordinates

o Right_Leg
usemtl default
f 857/32/1027 836/46/1026 856/40/1025 824/31/1024 873/32/1023 926/46/1022 872/40/1015 922/31/1014 847/32/1021 925/46/1020 930/40/1019 923/31/1017 928/40/1018 924/46/1016 862/40/1013 830/31/1012
f 850/17/1031 874/16/1030 853/15/1029 825/14/1028
f 874/16/1030 875/45/1033 834/44/1032 853/15/1029
f 833/61/1035 881/60/1034 874/16/1030 850/17/1031
f 881/60/1034 832/12/1036 875/45/1033 874/16/1030
f 852/26/1040 876/25/1039 855/24/1038 827/23/1037
f 876/25/1039 877/5/1042 835/62/1041 855/24/1038
f 834/44/1032 875/45/1033 876/25/1039 852/26/1040
f 875/45/1033 832/12/1036 877/5/1042 876/25/1039
f 878/134/1043 921/133/1044 851/32/1044 894/31/1043
f 921/133/1044 920/135/1045 866/46/1045 851/32/1044
f 835/62/1041 877/5/1042 921/133/1047 878/134/1046
f 877/5/1042 832/12/1036 920/135/1048 921/133/1047
f 902/40/1050 919/137/1050 918/136/1049 895/37/1049
f 919/137/1052 881/60/1034 833/61/1035 918/136/1051
f 866/46/1045 920/135/1045 919/137/1050 902/40/1050
f 920/135/1048 832/12/1036 881/60/1034 919/137/1052
f 855/17/1038 882/16/1054 859/15/1053 827/14/1037
f 882/16/1054 883/45/1056 838/44/1055 859/15/1053
f 835/61/1041 889/60/1057 882/16/1054 855/17/1038
f 889/60/1057 837/12/1058 883/45/1056 882/16/1054
f 858/26/1062 884/25/1061 861/24/1060 829/23/1059
f 884/25/1061 885/5/1064 839/62/1063 861/24/1060
f 838/44/1055 883/45/1056 884/25/1061 858/26/1062
f 883/45/1056 837/12/1058 885/5/1064 884/25/1061
f 840/46/1068 904/46/1067 880/40/1066 869/40/1065
f 844/31/1070 894/31/1070 851/32/1069 927/32/1069
f 839/62/1063 885/5/1064 887/133/1072 886/134/1071
f 885/5/1064 837/12/1058 888/135/1073 887/133/1072
f 880/40/1066 854/137/1074 878/139/1043 894/138/1043
f 854/137/1074 889/60/1057 835/61/1041 878/139/1046
f 904/46/1067 888/135/1073 854/137/1074 880/40/1066
f 888/135/1073 837/12/1058 889/60/1057 854/137/1074
f 861/17/1060 890/16/1076 865/15/1075 829/14/1059
f 890/16/1076 891/45/1078 842/44/1077 865/15/1075
f 839/61/1063 897/60/1079 890/16/1076 861/17/1060
f 897/60/1079 841/12/1080 891/45/1078 890/16/1076
f 864/26/1084 892/25/1083 867/24/1082 831/23/1081
f 892/25/1083 893/5/1086 843/62/1085 867/24/1082
f 842/44/1077 891/45/1078 892/25/1083 864/26/1084
f 891/45/1078 841/12/1080 893/5/1086 892/25/1083
f 826/32/1090 879/32/1089 903/46/1088 863/46/1087
f 929/46/1092 866/46/1092 902/40/1091 828/40/1091
f 843/62/1085 893/5/1086 913/133/1094 914/134/1093
f 893/5/1086 841/12/1080 896/135/1095 913/133/1094
f 924/46/1096 888/135/1073 904/46/1067 840/46/1068
f 860/137/1097 897/60/1079 839/61/1063 886/136/1071
f 869/40/1065 880/40/1066 894/138/1070 844/138/1070
f 896/135/1095 841/12/1080 897/60/1079 860/137/1097
f 867/17/1082 898/16/1099 871/15/1098 831/14/1081
f 898/16/1099 899/45/1101 846/44/1100 871/15/1098
f 843/61/1085 905/60/1102 898/16/1099 867/17/1082
f 905/60/1102 845/12/1103 899/45/1101 898/16/1099
f 870/26/1105 900/25/1104 850/24/1031 825/23/1028
f 900/25/1104 901/5/1106 833/62/1035 850/24/1031
f 846/44/1100 899/45/1101 900/25/1104 870/26/1105
f 899/45/1101 845/12/1103 901/5/1106 900/25/1104
f 918/134/1049 917/133/1107 879/32/1089 895/31/1049
f 917/133/1107 916/135/1108 903/46/1088 879/32/1089
f 833/62/1035 901/5/1106 917/133/1107 918/134/1051
f 901/5/1106 845/12/1103 916/135/1108 917/133/1107
f 863/46/1087 903/46/1088 916/135/1108 926/46/1109
f 915/137/1110 905/60/1102 843/61/1085 914/136/1093
f 828/40/1091 902/40/1091 895/37/1111 868/37/1111
f 916/135/1108 845/12/1103 905/60/1102 915/137/1110
f 871/17/1098 906/16/1112 864/15/1084 831/14/1081
f 906/16/1114 907/45/1113 842/44/1077 864/15/1084
f 846/61/1100 849/60/1116 906/16/1115 871/17/1098
f 849/60/1120 848/12/1119 907/45/1118 906/16/1117
f 865/26/1075 908/25/1121 858/24/1062 829/23/1059
f 908/25/1123 909/5/1122 838/62/1055 858/24/1062
f 842/44/1077 907/45/1113 908/25/1121 865/26/1075
f 907/45/1118 848/12/1119 909/5/1125 908/25/1124
f 859/34/1053 910/33/1126 852/32/1040 827/31/1037
f 910/33/1126 911/9/1127 834/46/1032 852/32/1040
f 838/62/1055 909/5/1122 910/33/1126 859/34/1053
f 909/5/1125 848/12/1119 911/9/1129 910/33/1128
f 853/40/1029 912/39/1130 870/38/1105 825/37/1028
f 912/39/1131 849/60/1116 846/61/1100 870/38/1105
f 834/46/1032 911/9/1127 912/39/1130 853/40/1029
f 911/9/1129 848/12/1119 849/60/1120 912/39/1132
f 826/32/1134 873/32/1023 824/31/1024 868/31/1133
f 868/31/1111 895/31/1111 879/32/1089 826/32/1090
f 868/37/1133 824/37/1024 856/40/1025 828/40/1135
f 863/46/1136 926/46/1022 873/32/1023 826/32/1134
f 828/40/1135 856/40/1025 836/46/1026 929/46/1137
f 927/32/1069 851/32/1069 866/46/1092 929/46/1092
f 844/138/1139 830/138/1012 862/40/1013 869/40/1138
f 869/40/1138 862/40/1013 924/46/1016 840/46/1140
f 927/32/1141 857/32/1027 830/31/1012 844/31/1139
f 929/46/1137 836/46/1026 857/32/1027 927/32/1141
f 928/32/1142 887/133/1072 888/135/1073 924/46/1096
f 923/31/1143 886/134/1071 887/133/1072 928/32/1142
f 930/40/1144 860/137/1097 886/134/1071 923/31/1143
f 925/46/1145 896/135/1095 860/137/1097 930/40/1144
f 847/32/1146 913/133/1094 896/135/1095 925/46/1145
f 922/31/1147 914/134/1093 913/133/1094 847/32/1146
f 872/40/1148 915/137/1110 914/134/1093 922/31/1147
f 926/46/1109 916/135/1108 915/137/1110 872/40/1148

v -0.048389 -0.831329 0.020138
v -0.052337 -0.166098 0.012603
v -0.059486 -0.832288 -0.110763
v 0.038677 -0.166098 0.023363
v -0.022963 -0.832652 -0.144752
v 0.025804 -0.166098 0.132248
v 0.032983 -0.831329 0.029622
v -0.065210 -0.166098 0.121489
v -0.004451 -0.572943 -0.002142
v -0.052450 -0.572943 0.012431
v -0.004074 -0.083375 -0.005337
v 0.038826 -0.572943 0.023222
v -0.005145 -0.829953 0.003727
v 0.049062 -0.572943 0.079794
v 0.051073 -0.169338 0.104196
v 0.025917 -0.572943 0.132420
v 0.074636 -0.831975 -0.059849
v -0.022082 -0.572943 0.146993
v -0.021396 -0.109908 0.141190
v -0.065358 -0.572943 0.121630
v 0.061832 -0.832305 -0.114476
v -0.075595 -0.572943 0.065057
v -0.064032 -0.122195 0.066424
v -0.047830 -0.831329 0.133267
v 0.035255 -0.035921 0.078162
v -0.044604 -0.064671 0.068721
v -0.050958 -0.251159 0.014715
v 0.047175 -0.799179 -0.136561
v 0.021297 -0.128476 0.011585
v -0.032691 -0.128476 0.005202
v 0.050153 -0.722921 0.046392
v 0.036844 -0.251159 0.025095
v -0.032457 -0.831329 0.005297
v 0.021049 -0.831329 0.011622
v 0.037363 -0.172302 0.135321
v 0.053136 -0.172302 0.071694
v 0.007057 -0.733899 0.139611
v 0.024426 -0.251159 0.130137
v 0.044007 -0.831329 0.046504
v -0.067901 -0.831975 -0.076700
v -0.047830 -0.128476 0.133267
v 0.006157 -0.128476 0.139649
v 0.012673 -0.797891 -0.146992
v -0.063376 -0.251159 0.119757
v -0.042844 -0.832305 -0.126711
v 0.074395 -0.832288 -0.094938
v -0.062970 -0.128476 0.033804
v -0.070607 -0.128476 0.098393
v -0.070607 -0.831329 0.098393
v -0.062917 -0.831329 0.033863
v -0.029271 -0.242797 0.002614
v -0.004771 -0.234436 0.000571
v 0.018575 -0.242797 0.008270
v 0.019839 -0.572943 0.005810
v 0.039556 -0.718780 0.019242
v -0.059567 -0.798815 -0.110852
v 0.074495 -0.798815 -0.095005
v -0.029926 -0.572943 -0.000073
v 0.046107 -0.242797 0.050425
v 0.046796 -0.234436 0.079526
v 0.039339 -0.242797 0.107665
v 0.041356 -0.572943 0.109067
v 0.026514 -0.729758 0.125384
v 0.043163 -0.733899 0.105506
v 0.050576 -0.726920 0.080258
v 0.048393 -0.572943 0.049531
v 0.002737 -0.242797 0.142237
v -0.021761 -0.234436 0.144281
v -0.045108 -0.242797 0.136580
v -0.046372 -0.572943 0.139041
v 0.061923 -0.798832 -0.114554
v -0.042914 -0.798832 -0.126808
v -0.021437 -0.737222 0.141538
v 0.003393 -0.572943 0.144924
v -0.072639 -0.242797 0.094427
v -0.073328 -0.234436 0.065325
v -0.065871 -0.242797 0.037187
v -0.067888 -0.572943 0.035784
v -0.023313 -0.799179 -0.144894
v -0.067928 -0.798501 -0.076785
v 0.074681 -0.798501 -0.059926
v -0.074926 -0.572943 0.095320
v -0.049375 -0.059300 0.127702
v 0.030823 -0.038911 0.115653
v 0.068372 -0.003537 0.117458
v 0.077174 0.000000 0.083118
v 0.076622 -0.003537 0.047672
v 0.039688 -0.038815 0.040671
v -0.035673 -0.059300 0.011801
v -0.048696 -0.733899 0.133020
v -0.064565 -0.729758 0.114241
v -0.075855 -0.733899 0.091436
v -0.077175 -0.726920 0.065155
v -0.068865 -0.722921 0.032322
v -0.052326 -0.718780 0.008620
v -0.032065 -0.722921 -0.007654
v -0.003688 -0.726244 -0.008589
v 0.023691 -0.722921 -0.001090
v -0.059320 -0.831329 0.115674
v 0.020838 -0.831329 0.125782
v 0.044190 -0.831091 0.079259
v -0.021396 -0.829953 0.141190
v -0.070732 -0.831091 0.065673
v 0.046802 -0.832652 -0.136504
v 0.036438 -0.831329 0.111048
v 0.012661 -0.831380 -0.146891
v 0.006157 -0.831329 0.139649
# 107 vertices

vn -0.012479 -0.999907 0.005510
vn -0.002412 -0.999990 -0.003636
vn 0.016854 -0.999847 -0.004679
vn 0.001122 -0.999986 0.005147
vn 0.000155 -0.999985 0.005451
vn -0.021415 -0.999634 -0.016543
vn -0.009207 -0.999910 -0.009748
vn -0.052947 -0.997023 -0.056056
vn 0.003194 -0.999620 -0.027382
vn 0.064559 -0.997023 -0.042164
vn -0.000603 -0.999998 -0.001909
vn 0.002154 -0.999969 0.007603
vn 0.013587 -0.999822 0.013062
vn 0.031227 -0.999173 0.026040
vn -0.002378 -0.999796 0.020068
vn -0.036416 -0.999174 0.018047
vn -0.678457 0.029664 -0.734041
vn -0.677013 0.000207 -0.735971
vn -0.306123 -0.001524 -0.951991
vn -0.380251 0.139807 -0.914256
vn 0.117402 -0.003297 -0.993079
vn 0.125520 0.171050 -0.977234
vn -0.692175 0.017369 -0.721520
vn -0.303654 0.025373 -0.952445
vn 0.117232 0.027741 -0.992717
vn 0.828932 -0.048304 -0.557259
vn 0.590198 0.019447 -0.807024
vn 0.519670 -0.001524 -0.854366
vn 0.826669 -0.002036 -0.562685
vn 0.516771 0.025540 -0.855743
vn 0.841140 0.017558 -0.540533
vn 0.558805 0.756635 -0.339471
vn 0.271449 0.858388 -0.435300
vn 0.055129 0.882448 -0.467169
vn 0.850141 0.026855 -0.525870
vn 0.526487 0.042933 -0.849098
vn 0.117022 0.047103 -0.992012
vn -0.464858 0.756455 -0.460090
vn -0.163529 0.858275 -0.486438
vn -0.704600 0.026476 -0.709111
vn -0.315332 0.042601 -0.948025
vn 0.986656 -0.024844 -0.160911
vn 0.975823 -0.095483 -0.196605
vn 0.987526 -0.055291 0.147432
vn 0.976392 -0.125171 0.176043
vn 0.982397 0.010569 -0.186505
vn 0.992460 0.008105 0.122298
vn 0.409109 -0.040122 0.911603
vn 0.740144 -0.102402 0.664605
vn 0.865343 -0.070218 0.496238
vn 0.597631 -0.036206 0.800954
vn 0.905153 0.002066 0.425080
vn 0.680572 -0.005999 0.732657
vn 0.958590 -0.002988 -0.284774
vn 0.994763 -0.024770 0.099165
vn 0.993988 0.084685 0.069401
vn 0.938827 0.264877 -0.220100
vn 0.593420 -0.005709 -0.804873
vn 0.834813 -0.005204 -0.550509
vn 0.683193 -0.021139 0.729931
vn 0.887266 -0.022717 0.460699
vn 0.988509 0.043344 0.144813
vn 0.948179 0.269184 -0.168810
vn 0.272885 0.007862 0.962014
vn 0.157529 0.084767 0.983869
vn -0.117388 0.015563 0.992964
vn -0.089806 0.141149 0.985907
vn 0.304438 -0.010569 0.952474
vn -0.117394 -0.012192 0.993011
vn -0.830995 0.026480 0.555650
vn -0.484639 0.090747 0.869994
vn -0.489686 0.007862 0.871863
vn -0.829965 0.000207 0.557816
vn -0.518530 -0.010627 0.854993
vn -0.833130 -0.005975 0.553045
vn -0.990464 -0.024771 -0.135526
vn -0.865784 -0.002992 -0.500410
vn -0.861581 0.265008 -0.432954
vn -0.982771 0.084683 -0.164289
vn -0.389455 -0.005715 -0.921028
vn 0.117400 -0.003969 -0.993077
vn -0.835541 -0.021157 0.549020
vn -0.552357 -0.020612 0.833353
vn -0.117385 -0.017250 0.992937
vn 0.972602 -0.052168 0.226546
vn 0.341932 -0.020507 0.939501
vn -0.989432 0.014976 0.144225
vn -0.978562 0.122305 0.165707
vn -0.992655 0.029393 -0.117352
vn -0.974535 0.192384 -0.115197
vn -0.979402 0.002146 0.201907
vn -0.993619 0.008105 -0.112496
vn -0.912713 0.124712 -0.389105
vn -0.928526 0.014976 -0.370966
vn -0.911735 0.010531 -0.410644
vn -0.882541 0.269290 -0.385492
vn -0.995027 0.043343 -0.089680
vn -0.998617 -0.052169 -0.006491
vn -0.970436 -0.022633 0.240294
vn -0.683522 -0.005212 -0.729911
vn -0.833706 0.091938 0.544502
vn -0.047438 0.232690 0.971393
vn -0.061478 0.255136 0.964949
vn -0.937746 0.329164 -0.110836
vn -0.937405 0.329174 -0.113649
vn -0.293872 0.954452 -0.051582
vn -0.296207 0.954504 -0.034401
vn -0.489871 0.869906 -0.057360
vn -0.490246 0.869888 -0.054344
vn 0.058753 0.160900 0.985220
vn 0.942145 -0.123240 0.311729
vn 0.975467 -0.133135 0.175327
vn -0.664205 0.745552 -0.054622
vn -0.661417 0.745979 -0.077730
vn 0.845424 -0.016459 -0.533841
vn 0.129229 0.348579 -0.928328
vn -0.658271 0.746002 -0.100795
vn -0.489492 0.869915 -0.060375
vn -0.432587 0.295135 -0.851918
vn -0.938078 0.329152 -0.108021
vn -0.298454 0.954269 -0.017209
vn 0.001626 -0.999973 0.007215
vn -0.001374 -0.999978 0.006527
vn 0.020055 -0.999746 0.010320
vn -0.008701 -0.999943 0.006232
vn -0.000929 -0.999969 0.007865
vn -0.000185 -0.999978 0.006669
vn -0.003235 -0.999973 0.006642
vn 0.007019 -0.999943 0.008092
vn -0.021874 -0.999746 0.005365
vn 0.875493 -0.042491 0.481360
vn 0.684721 -0.022268 0.728465
vn 0.367270 -0.011171 0.930048
vn -0.117402 -0.001931 0.993083
vn -0.574799 -0.011258 0.818217
vn -0.836712 -0.022351 0.547186
vn -0.963833 -0.042485 0.263100
# 137 normals

# 0 texture coordinate

o Left_Leg
usemtl default
f 969/40/1152 1031/40/1153 1035/40/1155 1030/31/1154 1037/40/1156 1032/40/1157 954/32/1158 1029/40/1151 979/40/1150 1033/46/1159 980/32/1160 931/40/1161 963/40/1162 943/40/1163 964/32/1164 937/40/1149
f 960/15/1168 981/16/1167 957/17/1166 932/14/1165
f 941/44/1170 982/45/1169 981/16/1167 960/15/1168
f 981/16/1167 988/60/1172 940/61/1171 957/17/1166
f 982/45/1169 939/12/1173 988/60/1172 981/16/1167
f 962/24/1177 983/25/1176 959/26/1175 934/23/1174
f 942/62/1179 984/5/1178 983/25/1176 962/24/1177
f 983/25/1176 982/45/1169 941/44/1170 959/26/1175
f 984/5/1178 939/12/1173 982/45/1169 983/25/1176
f 958/32/1181 1028/133/1181 985/134/1180 1001/31/1180
f 973/46/1182 1027/135/1182 1028/133/1181 958/32/1181
f 1028/133/1184 984/5/1178 942/62/1179 985/134/1183
f 1027/135/1185 939/12/1173 984/5/1178 1028/133/1184
f 1025/136/1186 1026/137/1187 1009/40/1187 1002/37/1186
f 940/61/1171 988/60/1172 1026/137/1189 1025/136/1188
f 1026/137/1187 1027/135/1182 973/46/1182 1009/40/1187
f 988/60/1172 939/12/1173 1027/135/1185 1026/137/1189
f 966/15/1191 989/16/1190 962/17/1177 934/14/1174
f 945/44/1193 990/45/1192 989/16/1190 966/15/1191
f 989/16/1190 996/60/1194 942/61/1179 962/17/1177
f 990/45/1192 944/12/1195 996/60/1194 989/16/1190
f 968/24/1199 991/25/1198 965/26/1197 936/23/1196
f 946/62/1201 992/5/1200 991/25/1198 968/24/1199
f 991/25/1198 990/45/1192 945/44/1193 965/26/1197
f 992/5/1200 944/12/1195 990/45/1192 991/25/1198
f 987/40/1205 1011/46/1204 947/46/1203 976/40/1202
f 958/32/1206 1001/31/1207 951/31/1207 1034/32/1206
f 994/133/1209 992/5/1200 946/62/1201 993/134/1208
f 995/135/1210 944/12/1195 992/5/1200 994/133/1209
f 985/139/1180 961/137/1211 987/40/1205 1001/138/1180
f 942/61/1179 996/60/1194 961/137/1211 985/139/1183
f 961/137/1211 995/135/1210 1011/46/1204 987/40/1205
f 996/60/1194 944/12/1195 995/135/1210 961/137/1211
f 972/15/1213 997/16/1212 968/17/1199 936/14/1196
f 949/44/1215 998/45/1214 997/16/1212 972/15/1213
f 997/16/1212 1004/60/1216 946/61/1201 968/17/1199
f 998/45/1214 948/12/1217 1004/60/1216 997/16/1212
f 974/24/1221 999/25/1220 971/26/1219 938/23/1218
f 950/62/1223 1000/5/1222 999/25/1220 974/24/1221
f 999/25/1220 998/45/1214 949/44/1215 971/26/1219
f 1000/5/1222 948/12/1217 998/45/1214 999/25/1220
f 1010/46/1227 986/32/1226 933/32/1225 970/46/1224
f 1009/40/1228 973/46/1229 1036/46/1229 935/40/1228
f 1020/133/1231 1000/5/1222 950/62/1223 1021/134/1230
f 1003/135/1232 948/12/1217 1000/5/1222 1020/133/1231
f 1011/46/1204 995/135/1210 1031/46/1233 947/46/1203
f 946/61/1201 1004/60/1216 967/137/1234 993/136/1208
f 1001/138/1207 987/40/1205 976/40/1202 951/138/1207
f 1004/60/1216 948/12/1217 1003/135/1232 967/137/1234
f 978/15/1236 1005/16/1235 974/17/1221 938/14/1218
f 953/44/1238 1006/45/1237 1005/16/1235 978/15/1236
f 1005/16/1235 1012/60/1239 950/61/1223 974/17/1221
f 1006/45/1237 952/12/1240 1012/60/1239 1005/16/1235
f 957/24/1166 1007/25/1242 977/26/1241 932/23/1165
f 940/62/1171 1008/5/1243 1007/25/1242 957/24/1166
f 1007/25/1242 1006/45/1237 953/44/1238 977/26/1241
f 1008/5/1243 952/12/1240 1006/45/1237 1007/25/1242
f 986/32/1226 1024/133/1244 1025/134/1186 1002/31/1186
f 1010/46/1227 1023/135/1245 1024/133/1244 986/32/1226
f 1024/133/1244 1008/5/1243 940/62/1171 1025/134/1188
f 1023/135/1245 952/12/1240 1008/5/1243 1024/133/1244
f 1023/135/1245 1010/46/1227 970/46/1224 1033/46/1246
f 950/61/1223 1012/60/1239 1022/137/1247 1021/136/1230
f 1002/37/1248 1009/40/1228 935/40/1228 975/37/1248
f 1012/60/1239 952/12/1240 1023/135/1245 1022/137/1247
f 971/15/1219 1013/16/1249 978/17/1236 938/14/1218
f 949/44/1215 1014/45/1251 1013/16/1250 971/15/1219
f 1013/16/1253 956/60/1252 953/61/1238 978/17/1236
f 1014/45/1257 955/12/1256 956/60/1255 1013/16/1254
f 965/24/1197 1015/25/1258 972/26/1213 936/23/1196
f 945/62/1193 1016/5/1260 1015/25/1259 965/24/1197
f 1015/25/1258 1014/45/1251 949/44/1215 972/26/1213
f 1016/5/1262 955/12/1256 1014/45/1257 1015/25/1261
f 959/32/1175 1017/33/1263 966/34/1191 934/31/1174
f 941/46/1170 1018/9/1264 1017/33/1263 959/32/1175
f 1017/33/1263 1016/5/1260 945/62/1193 966/34/1191
f 1018/9/1266 955/12/1256 1016/5/1262 1017/33/1265
f 977/38/1241 1019/39/1267 960/40/1168 932/37/1165
f 953/61/1238 956/60/1252 1019/39/1268 977/38/1241
f 1019/39/1267 1018/9/1264 941/46/1170 960/40/1168
f 956/60/1255 955/12/1256 1018/9/1266 1019/39/1269
f 931/31/1161 980/32/1160 933/32/1271 975/31/1270
f 986/32/1226 1002/31/1248 975/31/1248 933/32/1225
f 963/40/1162 931/37/1161 975/37/1270 935/40/1272
f 980/32/1160 1033/46/1159 970/46/1273 933/32/1271
f 943/46/1163 963/40/1162 935/40/1272 1036/46/1274
f 973/46/1229 958/32/1206 1034/32/1206 1036/46/1229
f 969/40/1152 937/138/1149 951/138/1276 976/40/1275
f 1031/46/1153 969/40/1152 976/40/1275 947/46/1277
f 937/31/1149 964/32/1164 1034/32/1278 951/31/1276
f 964/32/1164 943/46/1163 1036/46/1274 1034/32/1278
f 995/135/1210 994/133/1209 1035/32/1279 1031/46/1233
f 994/133/1209 993/134/1208 1030/31/1280 1035/32/1279
f 993/134/1208 967/137/1234 1037/40/1281 1030/31/1280
f 967/137/1234 1003/135/1232 1032/46/1282 1037/40/1281
f 1003/135/1232 1020/133/1231 954/32/1283 1032/46/1282
f 1020/133/1231 1021/134/1230 1029/31/1284 954/32/1283
f 1021/134/1230 1022/137/1247 979/40/1285 1029/31/1284
f 1022/137/1247 1023/135/1245 1033/46/1246 979/40/1285

